SampleID	sampleIDcode	study	YearPop	Pop	Year	Country	V14	PopCode	NewPopCode
SPT34839	f84.1	1162-PF-GM-NGWA	Farafenni_1984	Farafenni80s	1984	Gambia	Farafenni80s.1984	f84	pop1
SPT34840	f84.2	1162-PF-GM-NGWA	Farafenni_1984	Farafenni80s	1984	Gambia	Farafenni80s.1984	f84	pop1
SPT34841	f84.3	1162-PF-GM-NGWA	Farafenni_1984	Farafenni80s	1984	Gambia	Farafenni80s.1984	f84	pop1
SPT34844	f84.4	1162-PF-GM-NGWA	Farafenni_1984	Farafenni80s	1984	Gambia	Farafenni80s.1984	f84	pop1
SPT34845	f84.5	1162-PF-GM-NGWA	Farafenni_1984	Farafenni80s	1984	Gambia	Farafenni80s.1984	f84	pop1
SPT34846	f84.6	1162-PF-GM-NGWA	Farafenni_1984	Farafenni80s	1984	Gambia	Farafenni80s.1984	f84	pop1
SPT34848	f84.7	1162-PF-GM-NGWA	Farafenni_1984	Farafenni80s	1984	Gambia	Farafenni80s.1984	f84	pop1
SPT34849	f84.8	1162-PF-GM-NGWA	Farafenni_1984	Farafenni80s	1984	Gambia	Farafenni80s.1984	f84	pop1
SPT34850	f84.9	1162-PF-GM-NGWA	Farafenni_1984	Farafenni80s	1984	Gambia	Farafenni80s.1984	f84	pop1
SPT34851	f84.10	1162-PF-GM-NGWA	Farafenni_1984	Farafenni80s	1984	Gambia	Farafenni80s.1984	f84	pop1
SPT34852	f84.11	1162-PF-GM-NGWA	Farafenni_1984	Farafenni80s	1984	Gambia	Farafenni80s.1984	f84	pop1
SPT34853	f84.12	1162-PF-GM-NGWA	Farafenni_1984	Farafenni80s	1984	Gambia	Farafenni80s.1984	f84	pop1
SPT34854	f84.13	1162-PF-GM-NGWA	Farafenni_1984	Farafenni80s	1984	Gambia	Farafenni80s.1984	f84	pop1
SPT34856	f84.14	1162-PF-GM-NGWA	Farafenni_1984	Farafenni80s	1984	Gambia	Farafenni80s.1984	f84	pop1
SPT34857	f84.15	1162-PF-GM-NGWA	Farafenni_1984	Farafenni80s	1984	Gambia	Farafenni80s.1984	f84	pop1
SPT34858	f84.16	1162-PF-GM-NGWA	Farafenni_1984	Farafenni80s	1984	Gambia	Farafenni80s.1984	f84	pop1
SPT34860	f84.17	1162-PF-GM-NGWA	Farafenni_1984	Farafenni80s	1984	Gambia	Farafenni80s.1984	f84	pop1
SPT34861	f84.18	1162-PF-GM-NGWA	Farafenni_1984	Farafenni80s	1984	Gambia	Farafenni80s.1984	f84	pop1
SPT34863	f84.19	1162-PF-GM-NGWA	Farafenni_1984	Farafenni80s	1984	Gambia	Farafenni80s.1984	f84	pop1
SPT34864	f84.20	1162-PF-GM-NGWA	Farafenni_1984	Farafenni80s	1984	Gambia	Farafenni80s.1984	f84	pop1
SPT34865	f84.21	1162-PF-GM-NGWA	Farafenni_1984	Farafenni80s	1984	Gambia	Farafenni80s.1984	f84	pop1
SPT34866	f84.22	1162-PF-GM-NGWA	Farafenni_1984	Farafenni80s	1984	Gambia	Farafenni80s.1984	f84	pop1
SPT34867	f84.23	1162-PF-GM-NGWA	Farafenni_1984	Farafenni80s	1984	Gambia	Farafenni80s.1984	f84	pop1
SPT34868	f84.24	1162-PF-GM-NGWA	Farafenni_1984	Farafenni80s	1984	Gambia	Farafenni80s.1984	f84	pop1
SPT34869	f84.25	1162-PF-GM-NGWA	Farafenni_1984	Farafenni80s	1984	Gambia	Farafenni80s.1984	f84	pop1
SPT34871	f84.26	1162-PF-GM-NGWA	Farafenni_1984	Farafenni80s	1984	Gambia	Farafenni80s.1984	f84	pop1
SPT34872	f84.27	1162-PF-GM-NGWA	Farafenni_1984	Farafenni80s	1984	Gambia	Farafenni80s.1984	f84	pop1
SPT34873	f84.28	1162-PF-GM-NGWA	Farafenni_1984	Farafenni80s	1984	Gambia	Farafenni80s.1984	f84	pop1
SPT34874	f84.29	1162-PF-GM-NGWA	Farafenni_1984	Farafenni80s	1984	Gambia	Farafenni80s.1984	f84	pop1
SPT34875	f84.30	1162-PF-GM-NGWA	Farafenni_1984	Farafenni80s	1984	Gambia	Farafenni80s.1984	f84	pop1
SPT34876	f84.31	1162-PF-GM-NGWA	Farafenni_1984	Farafenni80s	1984	Gambia	Farafenni80s.1984	f84	pop1
SPT34877	f84.32	1162-PF-GM-NGWA	Farafenni_1984	Farafenni80s	1984	Gambia	Farafenni80s.1984	f84	pop1
SPT34879	f84.33	1162-PF-GM-NGWA	Farafenni_1984	Farafenni80s	1984	Gambia	Farafenni80s.1984	f84	pop1
SPT34881	f84.34	1162-PF-GM-NGWA	Farafenni_1984	Farafenni80s	1984	Gambia	Farafenni80s.1984	f84	pop1
SPT34882	f84.35	1162-PF-GM-NGWA	Farafenni_1984	Farafenni80s	1984	Gambia	Farafenni80s.1984	f84	pop1
SPT34884	f84.36	1162-PF-GM-NGWA	Farafenni_1984	Farafenni80s	1984	Gambia	Farafenni80s.1984	f84	pop1
SPT34885	f84.37	1162-PF-GM-NGWA	Farafenni_1984	Farafenni80s	1984	Gambia	Farafenni80s.1984	f84	pop1
SPT34886	f84.38	1162-PF-GM-NGWA	Farafenni_1984	Farafenni80s	1984	Gambia	Farafenni80s.1984	f84	pop1
SPT34887	f84.39	1162-PF-GM-NGWA	Farafenni_1984	Farafenni80s	1984	Gambia	Farafenni80s.1984	f84	pop1
SPT34888	f84.40	1162-PF-GM-NGWA	Farafenni_1984	Farafenni80s	1984	Gambia	Farafenni80s.1984	f84	pop1
SPT34889	f84.41	1162-PF-GM-NGWA	Farafenni_1984	Farafenni80s	1984	Gambia	Farafenni80s.1984	f84	pop1
SPT34890	f84.42	1162-PF-GM-NGWA	Farafenni_1984	Farafenni80s	1984	Gambia	Farafenni80s.1984	f84	pop1
SPT34891	f84.43	1162-PF-GM-NGWA	Farafenni_1984	Farafenni80s	1984	Gambia	Farafenni80s.1984	f84	pop1
SPT34892	f84.44	1162-PF-GM-NGWA	Farafenni_1984	Farafenni80s	1984	Gambia	Farafenni80s.1984	f84	pop1
SPT34893	f84.45	1162-PF-GM-NGWA	Farafenni_1984	Farafenni80s	1984	Gambia	Farafenni80s.1984	f84	pop1
SPT34894	f84.46	1162-PF-GM-NGWA	Farafenni_1984	Farafenni80s	1984	Gambia	Farafenni80s.1984	f84	pop1
SPT34895	f84.47	1162-PF-GM-NGWA	Farafenni_1984	Farafenni80s	1984	Gambia	Farafenni80s.1984	f84	pop1
SPT34896	f84.48	1162-PF-GM-NGWA	Farafenni_1984	Farafenni80s	1984	Gambia	Farafenni80s.1984	f84	pop1
SPT34898	f84.49	1162-PF-GM-NGWA	Farafenni_1984	Farafenni80s	1984	Gambia	Farafenni80s.1984	f84	pop1
SPT34899	f84.50	1162-PF-GM-NGWA	Farafenni_1984	Farafenni80s	1984	Gambia	Farafenni80s.1984	f84	pop1
SPT34900	f84.51	1162-PF-GM-NGWA	Farafenni_1984	Farafenni80s	1984	Gambia	Farafenni80s.1984	f84	pop1
SPT34901	f84.52	1162-PF-GM-NGWA	Farafenni_1984	Farafenni80s	1984	Gambia	Farafenni80s.1984	f84	pop1
SPT34902	f84.53	1162-PF-GM-NGWA	Farafenni_1984	Farafenni80s	1984	Gambia	Farafenni80s.1984	f84	pop1
SPT34903	f84.54	1162-PF-GM-NGWA	Farafenni_1984	Farafenni80s	1984	Gambia	Farafenni80s.1984	f84	pop1
SPT34904	f84.55	1162-PF-GM-NGWA	Farafenni_1984	Farafenni80s	1984	Gambia	Farafenni80s.1984	f84	pop1
SPT34905	f84.56	1162-PF-GM-NGWA	Farafenni_1984	Farafenni80s	1984	Gambia	Farafenni80s.1984	f84	pop1
SPT34906	f84.57	1162-PF-GM-NGWA	Farafenni_1984	Farafenni80s	1984	Gambia	Farafenni80s.1984	f84	pop1
SPT34908	f84.58	1162-PF-GM-NGWA	Farafenni_1984	Farafenni80s	1984	Gambia	Farafenni80s.1984	f84	pop1
SPT34909	f84.59	1162-PF-GM-NGWA	Farafenni_1984	Farafenni80s	1984	Gambia	Farafenni80s.1984	f84	pop1
SPT34910	f84.60	1162-PF-GM-NGWA	Farafenni_1984	Farafenni80s	1984	Gambia	Farafenni80s.1984	f84	pop1
SPT34912	f84.61	1162-PF-GM-NGWA	Farafenni_1984	Farafenni80s	1984	Gambia	Farafenni80s.1984	f84	pop1
SPT34913	f84.62	1162-PF-GM-NGWA	Farafenni_1984	Farafenni80s	1984	Gambia	Farafenni80s.1984	f84	pop1
SPT34914	f84.63	1162-PF-GM-NGWA	Farafenni_1984	Farafenni80s	1984	Gambia	Farafenni80s.1984	f84	pop1
SPT34915	f84.64	1162-PF-GM-NGWA	Farafenni_1984	Farafenni80s	1984	Gambia	Farafenni80s.1984	f84	pop1
SPT34916	f84.65	1162-PF-GM-NGWA	Farafenni_1984	Farafenni80s	1984	Gambia	Farafenni80s.1984	f84	pop1
SPT34918	f84.66	1162-PF-GM-NGWA	Farafenni_1984	Farafenni80s	1984	Gambia	Farafenni80s.1984	f84	pop1
SPT34920	f84.67	1162-PF-GM-NGWA	Farafenni_1984	Farafenni80s	1984	Gambia	Farafenni80s.1984	f84	pop1
SPT34922	f84.68	1162-PF-GM-NGWA	Farafenni_1984	Farafenni80s	1984	Gambia	Farafenni80s.1984	f84	pop1
SPT34924	f84.69	1162-PF-GM-NGWA	Farafenni_1984	Farafenni80s	1984	Gambia	Farafenni80s.1984	f84	pop1
SPT34926	f84.70	1162-PF-GM-NGWA	Farafenni_1984	Farafenni80s	1984	Gambia	Farafenni80s.1984	f84	pop1
SPT34927	f84.71	1162-PF-GM-NGWA	Farafenni_1984	Farafenni80s	1984	Gambia	Farafenni80s.1984	f84	pop1
SPT34929	f84.72	1162-PF-GM-NGWA	Farafenni_1984	Farafenni80s	1984	Gambia	Farafenni80s.1984	f84	pop1
SPT34930	f84.73	1162-PF-GM-NGWA	Farafenni_1984	Farafenni80s	1984	Gambia	Farafenni80s.1984	f84	pop1
SPT34931	f84.74	1162-PF-GM-NGWA	Farafenni_1984	Farafenni80s	1984	Gambia	Farafenni80s.1984	f84	pop1
SPT34933	f84.75	1162-PF-GM-NGWA	Farafenni_1984	Farafenni80s	1984	Gambia	Farafenni80s.1984	f84	pop1
SPT34934	f84.76	1162-PF-GM-NGWA	Farafenni_1984	Farafenni80s	1984	Gambia	Farafenni80s.1984	f84	pop1
SPT34936	f84.77	1162-PF-GM-NGWA	Farafenni_1984	Farafenni80s	1984	Gambia	Farafenni80s.1984	f84	pop1
SPT34937	f84.78	1162-PF-GM-NGWA	Farafenni_1984	Farafenni80s	1984	Gambia	Farafenni80s.1984	f84	pop1
SPT34938	f84.79	1162-PF-GM-NGWA	Farafenni_1984	Farafenni80s	1984	Gambia	Farafenni80s.1984	f84	pop1
SPT34940	f84.80	1162-PF-GM-NGWA	Farafenni_1984	Farafenni80s	1984	Gambia	Farafenni80s.1984	f84	pop1
SPT34943	f84.81	1162-PF-GM-NGWA	Farafenni_1984	Farafenni80s	1984	Gambia	Farafenni80s.1984	f84	pop1
SPT34944	f84.82	1162-PF-GM-NGWA	Farafenni_1984	Farafenni80s	1984	Gambia	Farafenni80s.1984	f84	pop1
SPT34945	f84.83	1162-PF-GM-NGWA	Farafenni_1984	Farafenni80s	1984	Gambia	Farafenni80s.1984	f84	pop1
SPT34946	f84.84	1162-PF-GM-NGWA	Farafenni_1984	Farafenni80s	1984	Gambia	Farafenni80s.1984	f84	pop1
SPT34947	f84.85	1162-PF-GM-NGWA	Farafenni_1984	Farafenni80s	1984	Gambia	Farafenni80s.1984	f84	pop1
SPT34950	f84.86	1162-PF-GM-NGWA	Farafenni_1984	Farafenni80s	1984	Gambia	Farafenni80s.1984	f84	pop1
SPT34952	f84.87	1162-PF-GM-NGWA	Farafenni_1984	Farafenni80s	1984	Gambia	Farafenni80s.1984	f84	pop1
SPT34953	f84.88	1162-PF-GM-NGWA	Farafenni_1984	Farafenni80s	1984	Gambia	Farafenni80s.1984	f84	pop1
SPT34955	f84.89	1162-PF-GM-NGWA	Farafenni_1984	Farafenni80s	1984	Gambia	Farafenni80s.1984	f84	pop1
SPT34956	f84.90	1162-PF-GM-NGWA	Farafenni_1984	Farafenni80s	1984	Gambia	Farafenni80s.1984	f84	pop1
SPT34957	f84.91	1162-PF-GM-NGWA	Farafenni_1984	Farafenni80s	1984	Gambia	Farafenni80s.1984	f84	pop1
SPT34958	f84.92	1162-PF-GM-NGWA	Farafenni_1984	Farafenni80s	1984	Gambia	Farafenni80s.1984	f84	pop1
SPT34959	f84.93	1162-PF-GM-NGWA	Farafenni_1984	Farafenni80s	1984	Gambia	Farafenni80s.1984	f84	pop1
SPT34960	f84.94	1162-PF-GM-NGWA	Farafenni_1984	Farafenni80s	1984	Gambia	Farafenni80s.1984	f84	pop1
SPT34961	f84.95	1162-PF-GM-NGWA	Farafenni_1984	Farafenni80s	1984	Gambia	Farafenni80s.1984	f84	pop1
SPT34964	f84.96	1162-PF-GM-NGWA	Farafenni_1984	Farafenni80s	1984	Gambia	Farafenni80s.1984	f84	pop1
SPT34969	f84.97	1162-PF-GM-NGWA	Farafenni_1984	Farafenni80s	1984	Gambia	Farafenni80s.1984	f84	pop1
SPT34970	f84.98	1162-PF-GM-NGWA	Farafenni_1984	Farafenni80s	1984	Gambia	Farafenni80s.1984	f84	pop1
SPT34971	f84.99	1162-PF-GM-NGWA	Farafenni_1984	Farafenni80s	1984	Gambia	Farafenni80s.1984	f84	pop1
SPT34972	f84.100	1162-PF-GM-NGWA	Farafenni_1984	Farafenni80s	1984	Gambia	Farafenni80s.1984	f84	pop1
SPT34974	f84.101	1162-PF-GM-NGWA	Farafenni_1984	Farafenni80s	1984	Gambia	Farafenni80s.1984	f84	pop1
SPT34976	f84.102	1162-PF-GM-NGWA	Farafenni_1984	Farafenni80s	1984	Gambia	Farafenni80s.1984	f84	pop1
SPT34977	f84.103	1162-PF-GM-NGWA	Farafenni_1984	Farafenni80s	1984	Gambia	Farafenni80s.1984	f84	pop1
SPT34979	f84.104	1162-PF-GM-NGWA	Farafenni_1984	Farafenni80s	1984	Gambia	Farafenni80s.1984	f84	pop1
SPT34980	f84.105	1162-PF-GM-NGWA	Farafenni_1984	Farafenni80s	1984	Gambia	Farafenni80s.1984	f84	pop1
SPT34981	f84.106	1162-PF-GM-NGWA	Farafenni_1984	Farafenni80s	1984	Gambia	Farafenni80s.1984	f84	pop1
SPT34983	f84.107	1162-PF-GM-NGWA	Farafenni_1984	Farafenni80s	1984	Gambia	Farafenni80s.1984	f84	pop1
SPT34985	f84.108	1162-PF-GM-NGWA	Farafenni_1984	Farafenni80s	1984	Gambia	Farafenni80s.1984	f84	pop1
SPT34987	f84.109	1162-PF-GM-NGWA	Farafenni_1984	Farafenni80s	1984	Gambia	Farafenni80s.1984	f84	pop1
SPT34988	f84.110	1162-PF-GM-NGWA	Farafenni_1984	Farafenni80s	1984	Gambia	Farafenni80s.1984	f84	pop1
SPT34989	f84.111	1162-PF-GM-NGWA	Farafenni_1984	Farafenni80s	1984	Gambia	Farafenni80s.1984	f84	pop1
SPT34990	f84.112	1162-PF-GM-NGWA	Farafenni_1984	Farafenni80s	1984	Gambia	Farafenni80s.1984	f84	pop1
SPT34991	f84.113	1162-PF-GM-NGWA	Farafenni_1984	Farafenni80s	1984	Gambia	Farafenni80s.1984	f84	pop1
SPT34993	f84.114	1162-PF-GM-NGWA	Farafenni_1984	Farafenni80s	1984	Gambia	Farafenni80s.1984	f84	pop1
SPT34994	f84.115	1162-PF-GM-NGWA	Farafenni_1984	Farafenni80s	1984	Gambia	Farafenni80s.1984	f84	pop1
SPT34995	f84.116	1162-PF-GM-NGWA	Farafenni_1984	Farafenni80s	1984	Gambia	Farafenni80s.1984	f84	pop1
SPT34996	f84.117	1162-PF-GM-NGWA	Farafenni_1984	Farafenni80s	1984	Gambia	Farafenni80s.1984	f84	pop1
SPT34997	f84.118	1162-PF-GM-NGWA	Farafenni_1984	Farafenni80s	1984	Gambia	Farafenni80s.1984	f84	pop1
SPT35000	f84.119	1162-PF-GM-NGWA	Farafenni_1984	Farafenni80s	1984	Gambia	Farafenni80s.1984	f84	pop1
SPT35001	f84.120	1162-PF-GM-NGWA	Farafenni_1984	Farafenni80s	1984	Gambia	Farafenni80s.1984	f84	pop1
SPT35002	f84.121	1162-PF-GM-NGWA	Farafenni_1984	Farafenni80s	1984	Gambia	Farafenni80s.1984	f84	pop1
SPT35004	f84.122	1162-PF-GM-NGWA	Farafenni_1984	Farafenni80s	1984	Gambia	Farafenni80s.1984	f84	pop1
SPT35005	f84.123	1162-PF-GM-NGWA	Farafenni_1984	Farafenni80s	1984	Gambia	Farafenni80s.1984	f84	pop1
SPT35008	f84.124	1162-PF-GM-NGWA	Farafenni_1984	Farafenni80s	1984	Gambia	Farafenni80s.1984	f84	pop1
SPT35009	f84.125	1162-PF-GM-NGWA	Farafenni_1984	Farafenni80s	1984	Gambia	Farafenni80s.1984	f84	pop1
SPT35011	f84.126	1162-PF-GM-NGWA	Farafenni_1984	Farafenni80s	1984	Gambia	Farafenni80s.1984	f84	pop1
SPT35012	f84.127	1162-PF-GM-NGWA	Farafenni_1984	Farafenni80s	1984	Gambia	Farafenni80s.1984	f84	pop1
SPT35014	f84.128	1162-PF-GM-NGWA	Farafenni_1984	Farafenni80s	1984	Gambia	Farafenni80s.1984	f84	pop1
SPT35015	f84.129	1162-PF-GM-NGWA	Farafenni_1984	Farafenni80s	1984	Gambia	Farafenni80s.1984	f84	pop1
SPT35017	f84.130	1162-PF-GM-NGWA	Farafenni_1984	Farafenni80s	1984	Gambia	Farafenni80s.1984	f84	pop1
SPT35018	f84.131	1162-PF-GM-NGWA	Farafenni_1984	Farafenni80s	1984	Gambia	Farafenni80s.1984	f84	pop1
SPT35020	f84.132	1162-PF-GM-NGWA	Farafenni_1984	Farafenni80s	1984	Gambia	Farafenni80s.1984	f84	pop1
SPT35021	f84.133	1162-PF-GM-NGWA	Farafenni_1984	Farafenni80s	1984	Gambia	Farafenni80s.1984	f84	pop1
SPT35023	f84.134	1162-PF-GM-NGWA	Farafenni_1984	Farafenni80s	1984	Gambia	Farafenni80s.1984	f84	pop1
SPT35026	f84.135	1162-PF-GM-NGWA	Farafenni_1984	Farafenni80s	1984	Gambia	Farafenni80s.1984	f84	pop1
SPT35030	f84.136	1162-PF-GM-NGWA	Farafenni_1984	Farafenni80s	1984	Gambia	Farafenni80s.1984	f84	pop1
SPT35031	f84.137	1162-PF-GM-NGWA	Farafenni_1984	Farafenni80s	1984	Gambia	Farafenni80s.1984	f84	pop1
SPT35032	f84.138	1162-PF-GM-NGWA	Farafenni_1984	Farafenni80s	1984	Gambia	Farafenni80s.1984	f84	pop1
SPT35033	f84.139	1162-PF-GM-NGWA	Farafenni_1984	Farafenni80s	1984	Gambia	Farafenni80s.1984	f84	pop1
SPT35036	f84.140	1162-PF-GM-NGWA	Farafenni_1984	Farafenni80s	1984	Gambia	Farafenni80s.1984	f84	pop1
SPT35037	f84.141	1162-PF-GM-NGWA	Farafenni_1984	Farafenni80s	1984	Gambia	Farafenni80s.1984	f84	pop1
SPT35038	f84.142	1162-PF-GM-NGWA	Farafenni_1984	Farafenni80s	1984	Gambia	Farafenni80s.1984	f84	pop1
SPT35039	sk00.1	1162-PF-GM-NGWA	Gam_2001	Serrekunda2000s	2000	Gambia	Serrekunda2000s.2000	sk00	pop2
SPT35040	sk00.2	1162-PF-GM-NGWA	Gam_2001	Serrekunda2000s	2000	Gambia	Serrekunda2000s.2000	sk00	pop2
SPT35042	sk00.3	1162-PF-GM-NGWA	Gam_2001	Serrekunda2000s	2000	Gambia	Serrekunda2000s.2000	sk00	pop2
SPT35044	sk00.4	1162-PF-GM-NGWA	Gam_2001	Serrekunda2000s	2000	Gambia	Serrekunda2000s.2000	sk00	pop2
SPT35045	sk00.5	1162-PF-GM-NGWA	Gam_2001	Serrekunda2000s	2000	Gambia	Serrekunda2000s.2000	sk00	pop2
SPT35047	sk00.6	1162-PF-GM-NGWA	Gam_2001	Serrekunda2000s	2000	Gambia	Serrekunda2000s.2000	sk00	pop2
SPT35050	sk00.7	1162-PF-GM-NGWA	Gam_2001	Serrekunda2000s	2000	Gambia	Serrekunda2000s.2000	sk00	pop2
SPT35052	sk00.8	1162-PF-GM-NGWA	Gam_2001	Serrekunda2000s	2000	Gambia	Serrekunda2000s.2000	sk00	pop2
SPT35060	sk00.9	1162-PF-GM-NGWA	Gam_2001	Serrekunda2000s	2000	Gambia	Serrekunda2000s.2000	sk00	pop2
SPT35065	sk00.10	1162-PF-GM-NGWA	Gam_2001	Serrekunda2000s	2000	Gambia	Serrekunda2000s.2000	sk00	pop2
SPT35066	sk00.11	1162-PF-GM-NGWA	Gam_2001	Serrekunda2000s	2000	Gambia	Serrekunda2000s.2000	sk00	pop2
SPT35069	sk00.12	1162-PF-GM-NGWA	Gam_2001	Serrekunda2000s	2000	Gambia	Serrekunda2000s.2000	sk00	pop2
SPT35070	sk00.13	1162-PF-GM-NGWA	Gam_2001	Serrekunda2000s	2000	Gambia	Serrekunda2000s.2000	sk00	pop2
SPT35071	sk00.14	1162-PF-GM-NGWA	Gam_2001	Serrekunda2000s	2000	Gambia	Serrekunda2000s.2000	sk00	pop2
SPT35072	sk00.15	1162-PF-GM-NGWA	Gam_2001	Serrekunda2000s	2000	Gambia	Serrekunda2000s.2000	sk00	pop2
SPT35077	sk00.16	1162-PF-GM-NGWA	Gam_2001	Serrekunda2000s	2000	Gambia	Serrekunda2000s.2000	sk00	pop2
SPT35078	sk00.17	1162-PF-GM-NGWA	Gam_2001	Serrekunda2000s	2000	Gambia	Serrekunda2000s.2000	sk00	pop2
SPT35079	sk00.18	1162-PF-GM-NGWA	Gam_2001	Serrekunda2000s	2000	Gambia	Serrekunda2000s.2000	sk00	pop2
SPT35080	sk00.19	1162-PF-GM-NGWA	Gam_2001	Serrekunda2000s	2000	Gambia	Serrekunda2000s.2000	sk00	pop2
SPT35085	sk00.20	1162-PF-GM-NGWA	Gam_2001	Serrekunda2000s	2000	Gambia	Serrekunda2000s.2000	sk00	pop2
SPT35087	sk00.21	1162-PF-GM-NGWA	Gam_2001	Serrekunda2000s	2000	Gambia	Serrekunda2000s.2000	sk00	pop2
SPT35089	sk00.22	1162-PF-GM-NGWA	Gam_2001	Serrekunda2000s	2000	Gambia	Serrekunda2000s.2000	sk00	pop2
SPT35091	sk00.23	1162-PF-GM-NGWA	Gam_2001	Serrekunda2000s	2000	Gambia	Serrekunda2000s.2000	sk00	pop2
SPT35092	sk00.24	1162-PF-GM-NGWA	Gam_2001	Serrekunda2000s	2000	Gambia	Serrekunda2000s.2000	sk00	pop2
SPT35093	sk00.25	1162-PF-GM-NGWA	Gam_2001	Serrekunda2000s	2000	Gambia	Serrekunda2000s.2000	sk00	pop2
SPT35094	sk00.26	1162-PF-GM-NGWA	Gam_2001	Serrekunda2000s	2000	Gambia	Serrekunda2000s.2000	sk00	pop2
SPT35096	sk00.27	1162-PF-GM-NGWA	Gam_2001	Serrekunda2000s	2000	Gambia	Serrekunda2000s.2000	sk00	pop2
SPT35098	sk00.28	1162-PF-GM-NGWA	Gam_2001	Serrekunda2000s	2000	Gambia	Serrekunda2000s.2000	sk00	pop2
SPT35099	sk00.29	1162-PF-GM-NGWA	Gam_2001	Serrekunda2000s	2000	Gambia	Serrekunda2000s.2000	sk00	pop2
SPT35101	sk00.30	1162-PF-GM-NGWA	Gam_2001	Serrekunda2000s	2000	Gambia	Serrekunda2000s.2000	sk00	pop2
SPT35102	sk00.31	1162-PF-GM-NGWA	Gam_2001	Serrekunda2000s	2000	Gambia	Serrekunda2000s.2000	sk00	pop2
SPT35103	sk00.32	1162-PF-GM-NGWA	Gam_2001	Serrekunda2000s	2000	Gambia	Serrekunda2000s.2000	sk00	pop2
SPT35104	sk00.33	1162-PF-GM-NGWA	Gam_2001	Serrekunda2000s	2000	Gambia	Serrekunda2000s.2000	sk00	pop2
SPT35105	sk00.34	1162-PF-GM-NGWA	Gam_2001	Serrekunda2000s	2000	Gambia	Serrekunda2000s.2000	sk00	pop2
SPT35106	sk00.35	1162-PF-GM-NGWA	Gam_2001	Serrekunda2000s	2000	Gambia	Serrekunda2000s.2000	sk00	pop2
SPT35107	sk00.36	1162-PF-GM-NGWA	Gam_2001	Serrekunda2000s	2000	Gambia	Serrekunda2000s.2000	sk00	pop2
SPT35109	f90.1	1162-PF-GM-NGWA	Farafenni_1991	FaraFenni90s	1990	Gambia	FaraFenni90s.1990	f90	pop1
SPT35114	f90.2	1162-PF-GM-NGWA	Farafenni_1990	FaraFenni90s	1990	Gambia	FaraFenni90s.1990	f90	pop1
SPT35115	f90.3	1162-PF-GM-NGWA	Farafenni_1990	FaraFenni90s	1990	Gambia	FaraFenni90s.1990	f90	pop1
SPT35116	f90.4	1162-PF-GM-NGWA	Farafenni_1990	FaraFenni90s	1990	Gambia	FaraFenni90s.1990	f90	pop1
SPT35117	f90.5	1162-PF-GM-NGWA	Farafenni_1990	FaraFenni90s	1990	Gambia	FaraFenni90s.1990	f90	pop1
SPT35121	f90.6	1162-PF-GM-NGWA	Farafenni_1990	FaraFenni90s	1990	Gambia	FaraFenni90s.1990	f90	pop1
SPT35125	f90.7	1162-PF-GM-NGWA	Farafenni_1990	FaraFenni90s	1990	Gambia	FaraFenni90s.1990	f90	pop1
SPT35127	f90.8	1162-PF-GM-NGWA	Farafenni_1990	FaraFenni90s	1990	Gambia	FaraFenni90s.1990	f90	pop1
SPT35128	f90.9	1162-PF-GM-NGWA	Farafenni_1990	FaraFenni90s	1990	Gambia	FaraFenni90s.1990	f90	pop1
SPT35129	f90.10	1162-PF-GM-NGWA	Farafenni_1990	FaraFenni90s	1990	Gambia	FaraFenni90s.1990	f90	pop1
SPT35130	f90.11	1162-PF-GM-NGWA	Farafenni_1990	FaraFenni90s	1990	Gambia	FaraFenni90s.1990	f90	pop1
SPT35131	f90.12	1162-PF-GM-NGWA	Farafenni_1990	FaraFenni90s	1990	Gambia	FaraFenni90s.1990	f90	pop1
SPT35132	f90.13	1162-PF-GM-NGWA	Farafenni_1990	FaraFenni90s	1990	Gambia	FaraFenni90s.1990	f90	pop1
SPT35133	f90.14	1162-PF-GM-NGWA	Farafenni_1990	FaraFenni90s	1990	Gambia	FaraFenni90s.1990	f90	pop1
SPT35134	f90.15	1162-PF-GM-NGWA	Farafenni_1990	FaraFenni90s	1990	Gambia	FaraFenni90s.1990	f90	pop1
SPT35202	bk15.1	1162-PF-GM-NGWA	BR_Gam_2015	Brikama	2015	Gambia	Brikama.2015	bk15	pop5
SPT35204	bk15.2	1162-PF-GM-NGWA	BR_Gam_2015	Brikama	2015	Gambia	Brikama.2015	bk15	pop5
SPT35206	bk15.3	1162-PF-GM-NGWA	BR_Gam_2015	Brikama	2015	Gambia	Brikama.2015	bk15	pop5
SPT35207	bk15.4	1162-PF-GM-NGWA	BR_Gam_2015	Brikama	2015	Gambia	Brikama.2015	bk15	pop5
SPT35208	bk15.5	1162-PF-GM-NGWA	BR_Gam_2015	Brikama	2015	Gambia	Brikama.2015	bk15	pop5
SPT35209	bk15.6	1162-PF-GM-NGWA	BR_Gam_2015	Brikama	2015	Gambia	Brikama.2015	bk15	pop5
SPT35210	bk15.7	1162-PF-GM-NGWA	BR_Gam_2015	Brikama	2015	Gambia	Brikama.2015	bk15	pop5
SPT35211	bk15.8	1162-PF-GM-NGWA	BR_Gam_2015	Brikama	2015	Gambia	Brikama.2015	bk15	pop5
SPT35212	bk15.9	1162-PF-GM-NGWA	BR_Gam_2015	Brikama	2015	Gambia	Brikama.2015	bk15	pop5
SPT35213	bk15.10	1162-PF-GM-NGWA	BR_Gam_2015	Brikama	2015	Gambia	Brikama.2015	bk15	pop5
SPT35214	bk15.11	1162-PF-GM-NGWA	BR_Gam_2015	Brikama	2015	Gambia	Brikama.2015	bk15	pop5
SPT35216	bk15.12	1162-PF-GM-NGWA	BR_Gam_2015	Brikama	2015	Gambia	Brikama.2015	bk15	pop5
SPT35217	bk15.13	1162-PF-GM-NGWA	BR_Gam_2015	Brikama	2015	Gambia	Brikama.2015	bk15	pop5
SPT35218	bk15.14	1162-PF-GM-NGWA	BR_Gam_2015	Brikama	2015	Gambia	Brikama.2015	bk15	pop5
SPT35219	bk15.15	1162-PF-GM-NGWA	BR_Gam_2015	Brikama	2015	Gambia	Brikama.2015	bk15	pop5
SPT35220	bk15.16	1162-PF-GM-NGWA	BR_Gam_2015	Brikama	2015	Gambia	Brikama.2015	bk15	pop5
SPT35221	bk15.17	1162-PF-GM-NGWA	BR_Gam_2015	Brikama	2015	Gambia	Brikama.2015	bk15	pop5
SPT35222	bk15.18	1162-PF-GM-NGWA	BR_Gam_2015	Brikama	2015	Gambia	Brikama.2015	bk15	pop5
SPT35223	bk15.19	1162-PF-GM-NGWA	BR_Gam_2015	Brikama	2015	Gambia	Brikama.2015	bk15	pop5
SPT35224	bk15.20	1162-PF-GM-NGWA	BR_Gam_2015	Brikama	2015	Gambia	Brikama.2015	bk15	pop5
SPT35227	bk15.21	1162-PF-GM-NGWA	BR_Gam_2015	Brikama	2015	Gambia	Brikama.2015	bk15	pop5
SPT35228	bk15.22	1162-PF-GM-NGWA	BR_Gam_2015	Brikama	2015	Gambia	Brikama.2015	bk15	pop5
SPT35229	bk15.23	1162-PF-GM-NGWA	BR_Gam_2015	Brikama	2015	Gambia	Brikama.2015	bk15	pop5
SPT35230	bk15.24	1162-PF-GM-NGWA	BR_Gam_2015	Brikama	2015	Gambia	Brikama.2015	bk15	pop5
SPT35231	bk15.25	1162-PF-GM-NGWA	BR_Gam_2015	Brikama	2015	Gambia	Brikama.2015	bk15	pop5
SPT35232	bk15.26	1162-PF-GM-NGWA	BR_Gam_2015	Brikama	2015	Gambia	Brikama.2015	bk15	pop5
SPT35233	bk15.27	1162-PF-GM-NGWA	BR_Gam_2015	Brikama	2015	Gambia	Brikama.2015	bk15	pop5
SPT35234	bk15.28	1162-PF-GM-NGWA	BR_Gam_2015	Brikama	2015	Gambia	Brikama.2015	bk15	pop5
SPT35235	bk15.29	1162-PF-GM-NGWA	BR_Gam_2015	Brikama	2015	Gambia	Brikama.2015	bk15	pop5
SPT35236	bk15.30	1162-PF-GM-NGWA	BR_Gam_2015	Brikama	2015	Gambia	Brikama.2015	bk15	pop5
SPT35237	bk15.31	1162-PF-GM-NGWA	BR_Gam_2015	Brikama	2015	Gambia	Brikama.2015	bk15	pop5
SPT35238	bk15.32	1162-PF-GM-NGWA	BR_Gam_2015	Brikama	2015	Gambia	Brikama.2015	bk15	pop5
SPT35239	bk15.33	1162-PF-GM-NGWA	BR_Gam_2015	Brikama	2015	Gambia	Brikama.2015	bk15	pop5
SPT35240	bk15.34	1162-PF-GM-NGWA	BR_Gam_2015	Brikama	2015	Gambia	Brikama.2015	bk15	pop5
SPT35241	bk15.35	1162-PF-GM-NGWA	BR_Gam_2015	Brikama	2015	Gambia	Brikama.2015	bk15	pop5
SPT35243	bk15.36	1162-PF-GM-NGWA	BR_Gam_2015	Brikama	2015	Gambia	Brikama.2015	bk15	pop5
SPT35244	bk15.37	1162-PF-GM-NGWA	BR_Gam_2015	Brikama	2015	Gambia	Brikama.2015	bk15	pop5
SPT35245	bk15.38	1162-PF-GM-NGWA	BR_Gam_2015	Brikama	2015	Gambia	Brikama.2015	bk15	pop5
SPT35246	bk15.39	1162-PF-GM-NGWA	BR_Gam_2015	Brikama	2015	Gambia	Brikama.2015	bk15	pop5
SPT35247	bk15.40	1162-PF-GM-NGWA	BR_Gam_2015	Brikama	2015	Gambia	Brikama.2015	bk15	pop5
SPT35248	bk15.41	1162-PF-GM-NGWA	BR_Gam_2015	Brikama	2015	Gambia	Brikama.2015	bk15	pop5
SPT35249	bk15.42	1162-PF-GM-NGWA	BR_Gam_2015	Brikama	2015	Gambia	Brikama.2015	bk15	pop5
SPT35250	bk15.43	1162-PF-GM-NGWA	BR_Gam_2015	Brikama	2015	Gambia	Brikama.2015	bk15	pop5
SPT35251	bk15.44	1162-PF-GM-NGWA	BR_Gam_2015	Brikama	2015	Gambia	Brikama.2015	bk15	pop5
SPT35252	bk15.45	1162-PF-GM-NGWA	BR_Gam_2015	Brikama	2015	Gambia	Brikama.2015	bk15	pop5
SPT35253	bk15.46	1162-PF-GM-NGWA	BR_Gam_2015	Brikama	2015	Gambia	Brikama.2015	bk15	pop5
SPT35254	bk15.47	1162-PF-GM-NGWA	BR_Gam_2015	Brikama	2015	Gambia	Brikama.2015	bk15	pop5
SPT35255	bk15.48	1162-PF-GM-NGWA	BR_Gam_2015	Brikama	2015	Gambia	Brikama.2015	bk15	pop5
SPT35256	bk15.49	1162-PF-GM-NGWA	BR_Gam_2015	Brikama	2015	Gambia	Brikama.2015	bk15	pop5
SPT35257	bk15.50	1162-PF-GM-NGWA	BR_Gam_2015	Brikama	2015	Gambia	Brikama.2015	bk15	pop5
SPT35258	bk15.51	1162-PF-GM-NGWA	BR_Gam_2015	Brikama	2015	Gambia	Brikama.2015	bk15	pop5
SPT35260	bk15.52	1162-PF-GM-NGWA	BR_Gam_2015	Brikama	2015	Gambia	Brikama.2015	bk15	pop5
SPT35261	bk15.53	1162-PF-GM-NGWA	BR_Gam_2015	Brikama	2015	Gambia	Brikama.2015	bk15	pop5
SPT35262	bk15.54	1162-PF-GM-NGWA	BR_Gam_2015	Brikama	2015	Gambia	Brikama.2015	bk15	pop5
SPT35263	bk15.55	1162-PF-GM-NGWA	BR_Gam_2015	Brikama	2015	Gambia	Brikama.2015	bk15	pop5
SPT35264	bk15.56	1162-PF-GM-NGWA	BR_Gam_2015	Brikama	2015	Gambia	Brikama.2015	bk15	pop5
SPT35265	bk15.57	1162-PF-GM-NGWA	BR_Gam_2015	Brikama	2015	Gambia	Brikama.2015	bk15	pop5
SPT35266	bk15.58	1162-PF-GM-NGWA	BR_Gam_2015	Brikama	2015	Gambia	Brikama.2015	bk15	pop5
SPT35267	bk15.59	1162-PF-GM-NGWA	BR_Gam_2015	Brikama	2015	Gambia	Brikama.2015	bk15	pop5
SPT35268	bk15.60	1162-PF-GM-NGWA	BR_Gam_2015	Brikama	2015	Gambia	Brikama.2015	bk15	pop5
SPT35269	bk15.61	1162-PF-GM-NGWA	BR_Gam_2015	Brikama	2015	Gambia	Brikama.2015	bk15	pop5
SPT35270	bk15.62	1162-PF-GM-NGWA	BR_Gam_2015	Brikama	2015	Gambia	Brikama.2015	bk15	pop5
SPT35271	bk15.63	1162-PF-GM-NGWA	BR_Gam_2015	Brikama	2015	Gambia	Brikama.2015	bk15	pop5
SPT35272	bk15.64	1162-PF-GM-NGWA	BR_Gam_2015	Brikama	2015	Gambia	Brikama.2015	bk15	pop5
SPT35274	bk15.65	1162-PF-GM-NGWA	BR_Gam_2015	Brikama	2015	Gambia	Brikama.2015	bk15	pop5
SPT35275	bk15.66	1162-PF-GM-NGWA	BR_Gam_2015	Brikama	2015	Gambia	Brikama.2015	bk15	pop5
SPT35276	bk15.67	1162-PF-GM-NGWA	BR_Gam_2015	Brikama	2015	Gambia	Brikama.2015	bk15	pop5
SPT35278	bk15.68	1162-PF-GM-NGWA	BR_Gam_2015	Brikama	2015	Gambia	Brikama.2015	bk15	pop5
SPT35279	bk15.69	1162-PF-GM-NGWA	BR_Gam_2015	Brikama	2015	Gambia	Brikama.2015	bk15	pop5
SPT35280	bk15.70	1162-PF-GM-NGWA	BR_Gam_2015	Brikama	2015	Gambia	Brikama.2015	bk15	pop5
SPT35281	bk15.71	1162-PF-GM-NGWA	BR_Gam_2015	Brikama	2015	Gambia	Brikama.2015	bk15	pop5
SPT35282	bk15.72	1162-PF-GM-NGWA	BR_Gam_2015	Brikama	2015	Gambia	Brikama.2015	bk15	pop5
SPT35283	bk15.73	1162-PF-GM-NGWA	BR_Gam_2015	Brikama	2015	Gambia	Brikama.2015	bk15	pop5
SPT35284	bk15.74	1162-PF-GM-NGWA	BR_Gam_2015	Brikama	2015	Gambia	Brikama.2015	bk15	pop5
SPT35285	bk15.75	1162-PF-GM-NGWA	BR_Gam_2015	Brikama	2015	Gambia	Brikama.2015	bk15	pop5
SPT35286	bk15.76	1162-PF-GM-NGWA	BR_Gam_2015	Brikama	2015	Gambia	Brikama.2015	bk15	pop5
SPT35287	bk15.77	1162-PF-GM-NGWA	BR_Gam_2015	Brikama	2015	Gambia	Brikama.2015	bk15	pop5
SPT35288	bk15.78	1162-PF-GM-NGWA	BR_Gam_2015	Brikama	2015	Gambia	Brikama.2015	bk15	pop5
SPT35289	bk15.79	1162-PF-GM-NGWA	BR_Gam_2015	Brikama	2015	Gambia	Brikama.2015	bk15	pop5
SPT35290	bk15.80	1162-PF-GM-NGWA	BR_Gam_2015	Brikama	2015	Gambia	Brikama.2015	bk15	pop5
SPT35291	bk15.81	1162-PF-GM-NGWA	BR_Gam_2015	Brikama	2015	Gambia	Brikama.2015	bk15	pop5
SPT35293	bk15.82	1162-PF-GM-NGWA	BR_Gam_2015	Brikama	2015	Gambia	Brikama.2015	bk15	pop5
SPT35294	bk15.83	1162-PF-GM-NGWA	BR_Gam_2015	Brikama	2015	Gambia	Brikama.2015	bk15	pop5
SPT35295	bk15.84	1162-PF-GM-NGWA	BR_Gam_2015	Brikama	2015	Gambia	Brikama.2015	bk15	pop5
SPT35296	bk15.85	1162-PF-GM-NGWA	BR_Gam_2015	Brikama	2015	Gambia	Brikama.2015	bk15	pop5
SPT35297	bk15.86	1162-PF-GM-NGWA	BR_Gam_2015	Brikama	2015	Gambia	Brikama.2015	bk15	pop5
SPT35298	bk15.87	1162-PF-GM-NGWA	BR_Gam_2015	Brikama	2015	Gambia	Brikama.2015	bk15	pop5
SPT35299	bk15.88	1162-PF-GM-NGWA	BR_Gam_2015	Brikama	2015	Gambia	Brikama.2015	bk15	pop5
SPT35300	bk15.89	1162-PF-GM-NGWA	BR_Gam_2015	Brikama	2015	Gambia	Brikama.2015	bk15	pop5
SPT35301	bk15.90	1162-PF-GM-NGWA	BR_Gam_2015	Brikama	2015	Gambia	Brikama.2015	bk15	pop5
SPT35302	be14.1	1182-PF-GM-DALESSANDRO-SM	2014	Besse	2014	Gambia	Besse.2014	be14	pop4a
SPT35303	be14.2	1182-PF-GM-DALESSANDRO-SM	2014	Besse	2014	Gambia	Besse.2014	be14	pop4a
SPT35304	be14.3	1182-PF-GM-DALESSANDRO-SM	2014	Besse	2014	Gambia	Besse.2014	be14	pop4a
SPT35306	be14.4	1182-PF-GM-DALESSANDRO-SM	2014	Besse	2014	Gambia	Besse.2014	be14	pop4a
SPT35308	be14.5	1182-PF-GM-DALESSANDRO-SM	2014	Besse	2014	Gambia	Besse.2014	be14	pop4a
SPT35309	be14.6	1182-PF-GM-DALESSANDRO-SM	2014	Besse	2014	Gambia	Besse.2014	be14	pop4a
SPT35310	be14.7	1182-PF-GM-DALESSANDRO-SM	2014	Besse	2014	Gambia	Besse.2014	be14	pop4a
SPT35313	be14.8	1182-PF-GM-DALESSANDRO-SM	2014	Besse	2014	Gambia	Besse.2014	be14	pop4a
SPT35315	be14.9	1182-PF-GM-DALESSANDRO-SM	2014	Besse	2014	Gambia	Besse.2014	be14	pop4a
SPT35316	be14.10	1182-PF-GM-DALESSANDRO-SM	2014	Besse	2014	Gambia	Besse.2014	be14	pop4a
SPT35317	be14.11	1182-PF-GM-DALESSANDRO-SM	2014	Besse	2014	Gambia	Besse.2014	be14	pop4a
SPT35318	ch14.1	1182-PF-GM-DALESSANDRO-SM	2014	Chogen	2014	Gambia	Chogen.2014	ch14	pop4a
SPT35320	ch14.2	1182-PF-GM-DALESSANDRO-SM	2014	Chogen	2014	Gambia	Chogen.2014	ch14	pop4a
SPT35321	ch14.3	1182-PF-GM-DALESSANDRO-SM	2014	Chogen	2014	Gambia	Chogen.2014	ch14	pop4a
SPT35322	ch14.4	1182-PF-GM-DALESSANDRO-SM	2014	Chogen	2014	Gambia	Chogen.2014	ch14	pop4a
SPT35323	ch14.5	1182-PF-GM-DALESSANDRO-SM	2014	Chogen	2014	Gambia	Chogen.2014	ch14	pop4a
SPT35324	ch14.6	1182-PF-GM-DALESSANDRO-SM	2014	Chogen	2014	Gambia	Chogen.2014	ch14	pop4a
SPT35325	ch14.7	1182-PF-GM-DALESSANDRO-SM	2014	Chogen	2014	Gambia	Chogen.2014	ch14	pop4a
SPT35328	db14.1	1182-PF-GM-DALESSANDRO-SM	2014	DongoroBa	2014	Gambia	DongoroBa.2014	db14	pop4b
SPT35330	db14.2	1182-PF-GM-DALESSANDRO-SM	2014	DongoroBa	2014	Gambia	DongoroBa.2014	db14	pop4b
SPT35331	db14.3	1182-PF-GM-DALESSANDRO-SM	2014	DongoroBa	2014	Gambia	DongoroBa.2014	db14	pop4b
SPT35332	db14.4	1182-PF-GM-DALESSANDRO-SM	2014	DongoroBa	2014	Gambia	DongoroBa.2014	db14	pop4b
SPT35333	db14.5	1182-PF-GM-DALESSANDRO-SM	2014	DongoroBa	2014	Gambia	DongoroBa.2014	db14	pop4b
SPT35334	db14.6	1182-PF-GM-DALESSANDRO-SM	2014	DongoroBa	2014	Gambia	DongoroBa.2014	db14	pop4b
SPT35336	ss14.1	1182-PF-GM-DALESSANDRO-SM	2014	SareSeedy	2014	Gambia	SareSeedy.2014	ss14	pop4b
SPT35337	ss14.2	1182-PF-GM-DALESSANDRO-SM	2014	SareSeedy	2014	Gambia	SareSeedy.2014	ss14	pop4b
SPT35338	nj14.1	1182-PF-GM-DALESSANDRO-SM	2014	Njayel	2014	Gambia	Njayel.2014	nj14	pop4b
SPT35339	nj14.2	1182-PF-GM-DALESSANDRO-SM	2014	Njayel	2014	Gambia	Njayel.2014	nj14	pop4b
SPT35340	nj14.3	1182-PF-GM-DALESSANDRO-SM	2014	Njayel	2014	Gambia	Njayel.2014	nj14	pop4b
SPT35341	nj14.4	1182-PF-GM-DALESSANDRO-SM	2014	Njayel	2014	Gambia	Njayel.2014	nj14	pop4b
SPT35342	nj14.5	1182-PF-GM-DALESSANDRO-SM	2014	Njayel	2014	Gambia	Njayel.2014	nj14	pop4b
SPT35344	nj14.6	1182-PF-GM-DALESSANDRO-SM	2014	Njayel	2014	Gambia	Njayel.2014	nj14	pop4b
SPT35346	nj14.7	1182-PF-GM-DALESSANDRO-SM	2014	Njayel	2014	Gambia	Njayel.2014	nj14	pop4b
SPT35347	nj14.8	1182-PF-GM-DALESSANDRO-SM	2014	Njayel	2014	Gambia	Njayel.2014	nj14	pop4b
SPT35348	nj14.9	1182-PF-GM-DALESSANDRO-SM	2014	Njayel	2014	Gambia	Njayel.2014	nj14	pop4b
SPT35349	nj14.10	1182-PF-GM-DALESSANDRO-SM	2014	Njayel	2014	Gambia	Njayel.2014	nj14	pop4b
SPT35351	nj14.11	1182-PF-GM-DALESSANDRO-SM	2014	Njayel	2014	Gambia	Njayel.2014	nj14	pop4b
SPT35352	nj14.12	1182-PF-GM-DALESSANDRO-SM	2014	Njayel	2014	Gambia	Njayel.2014	nj14	pop4b
SPT35354	nj14.13	1182-PF-GM-DALESSANDRO-SM	2014	Njayel	2014	Gambia	Njayel.2014	nj14	pop4b
SPT35355	nj14.14	1182-PF-GM-DALESSANDRO-SM	2014	Njayel	2014	Gambia	Njayel.2014	nj14	pop4b
SPT35356	be14.12	1182-PF-GM-DALESSANDRO-SM	2014	Besse	2014	Gambia	Besse.2014	be14	pop4a
SPT35357	be14.13	1182-PF-GM-DALESSANDRO-SM	2014	Besse	2014	Gambia	Besse.2014	be14	pop4a
SPT35360	db14.7	1182-PF-GM-DALESSANDRO-SM	2014	DongoroBa	2014	Gambia	DongoroBa.2014	db14	pop4b
SPT35361	db14.8	1182-PF-GM-DALESSANDRO-SM	2014	DongoroBa	2014	Gambia	DongoroBa.2014	db14	pop4b
SPT35362	nj14.15	1182-PF-GM-DALESSANDRO-SM	2014	Njayel	2014	Gambia	Njayel.2014	nj14	pop4b
SPT35363	nj14.16	1182-PF-GM-DALESSANDRO-SM	2014	Njayel	2014	Gambia	Njayel.2014	nj14	pop4b
SPT35364	nj14.17	1182-PF-GM-DALESSANDRO-SM	2014	Njayel	2014	Gambia	Njayel.2014	nj14	pop4b
SPT35365	nj14.18	1182-PF-GM-DALESSANDRO-SM	2014	Njayel	2014	Gambia	Njayel.2014	nj14	pop4b
SPT35366	nj14.19	1182-PF-GM-DALESSANDRO-SM	2014	Njayel	2014	Gambia	Njayel.2014	nj14	pop4b
SPT35368	nj14.20	1182-PF-GM-DALESSANDRO-SM	2014	Njayel	2014	Gambia	Njayel.2014	nj14	pop4b
SPT35369	nj14.21	1182-PF-GM-DALESSANDRO-SM	2014	Njayel	2014	Gambia	Njayel.2014	nj14	pop4b
SPT35370	nj14.22	1182-PF-GM-DALESSANDRO-SM	2014	Njayel	2014	Gambia	Njayel.2014	nj14	pop4b
SPT35372	nj14.23	1182-PF-GM-DALESSANDRO-SM	2014	Njayel	2014	Gambia	Njayel.2014	nj14	pop4b
SPT35373	nj14.24	1182-PF-GM-DALESSANDRO-SM	2014	Njayel	2014	Gambia	Njayel.2014	nj14	pop4b
SPT35374	nj14.25	1182-PF-GM-DALESSANDRO-SM	2014	Njayel	2014	Gambia	Njayel.2014	nj14	pop4b
SPT35377	nj14.26	1182-PF-GM-DALESSANDRO-SM	2014	Njayel	2014	Gambia	Njayel.2014	nj14	pop4b
SPT35378	nj14.27	1182-PF-GM-DALESSANDRO-SM	2014	Njayel	2014	Gambia	Njayel.2014	nj14	pop4b
SPT35379	nj14.28	1182-PF-GM-DALESSANDRO-SM	2014	Njayel	2014	Gambia	Njayel.2014	nj14	pop4b
SPT35382	nj14.29	1182-PF-GM-DALESSANDRO-SM	2014	Njayel	2014	Gambia	Njayel.2014	nj14	pop4b
SPT35384	nj14.30	1182-PF-GM-DALESSANDRO-SM	2014	Njayel	2014	Gambia	Njayel.2014	nj14	pop4b
SPT35389	nj14.31	1182-PF-GM-DALESSANDRO-SM	2014	Njayel	2014	Gambia	Njayel.2014	nj14	pop4b
SPT35390	nj14.32	1182-PF-GM-DALESSANDRO-SM	2014	Njayel	2014	Gambia	Njayel.2014	nj14	pop4b
SPT35405	nj14.33	1182-PF-GM-DALESSANDRO-SM	2014	Njayel	2014	Gambia	Njayel.2014	nj14	pop4b
SPT35407	nj14.34	1182-PF-GM-DALESSANDRO-SM	2014	Njayel	2014	Gambia	Njayel.2014	nj14	pop4b
SPT35410	nj14.35	1182-PF-GM-DALESSANDRO-SM	2014	Njayel	2014	Gambia	Njayel.2014	nj14	pop4b
SPT35412	nj14.36	1182-PF-GM-DALESSANDRO-SM	2014	Njayel	2014	Gambia	Njayel.2014	nj14	pop4b
SPT35414	nj14.37	1182-PF-GM-DALESSANDRO-SM	2014	Njayel	2014	Gambia	Njayel.2014	nj14	pop4b
SPT35417	nj14.38	1182-PF-GM-DALESSANDRO-SM	2014	Njayel	2014	Gambia	Njayel.2014	nj14	pop4b
SPT35418	nj14.39	1182-PF-GM-DALESSANDRO-SM	2014	Njayel	2014	Gambia	Njayel.2014	nj14	pop4b
SPT35419	nj14.40	1182-PF-GM-DALESSANDRO-SM	2014	Njayel	2014	Gambia	Njayel.2014	nj14	pop4b
SPT35420	nj14.41	1182-PF-GM-DALESSANDRO-SM	2014	Njayel	2014	Gambia	Njayel.2014	nj14	pop4b
SPT35423	nj14.42	1182-PF-GM-DALESSANDRO-SM	2014	Njayel	2014	Gambia	Njayel.2014	nj14	pop4b
SPT35424	nj14.43	1182-PF-GM-DALESSANDRO-SM	2014	Njayel	2014	Gambia	Njayel.2014	nj14	pop4b
SPT35425	nj14.44	1182-PF-GM-DALESSANDRO-SM	2014	Njayel	2014	Gambia	Njayel.2014	nj14	pop4b
SPT35427	nj14.45	1182-PF-GM-DALESSANDRO-SM	2014	Njayel	2014	Gambia	Njayel.2014	nj14	pop4b
SPT35430	nj14.46	1182-PF-GM-DALESSANDRO-SM	2014	Njayel	2014	Gambia	Njayel.2014	nj14	pop4b
SPT35431	nj14.47	1182-PF-GM-DALESSANDRO-SM	2014	Njayel	2014	Gambia	Njayel.2014	nj14	pop4b
SPT35435	nj14.48	1182-PF-GM-DALESSANDRO-SM	2014	Njayel	2014	Gambia	Njayel.2014	nj14	pop4b
SPT35436	nj14.49	1182-PF-GM-DALESSANDRO-SM	2014	Njayel	2014	Gambia	Njayel.2014	nj14	pop4b
SPT35437	nj14.50	1182-PF-GM-DALESSANDRO-SM	2014	Njayel	2014	Gambia	Njayel.2014	nj14	pop4b
SPT35440	nj14.51	1182-PF-GM-DALESSANDRO-SM	2014	Njayel	2014	Gambia	Njayel.2014	nj14	pop4b
SPT35443	sw14.1	1182-PF-GM-DALESSANDRO-SM	2014	SareWuro	2014	Gambia	SareWuro.2014	sw14	pop4b
SPT35444	sw14.2	1182-PF-GM-DALESSANDRO-SM	2014	SareWuro	2014	Gambia	SareWuro.2014	sw14	pop4b
SPT35446	sw14.3	1182-PF-GM-DALESSANDRO-SM	2014	SareWuro	2014	Gambia	SareWuro.2014	sw14	pop4b
SPT35447	sw14.4	1182-PF-GM-DALESSANDRO-SM	2014	SareWuro	2014	Gambia	SareWuro.2014	sw14	pop4b
SPT35448	sw14.5	1182-PF-GM-DALESSANDRO-SM	2014	SareWuro	2014	Gambia	SareWuro.2014	sw14	pop4b
SPT35449	sw14.6	1182-PF-GM-DALESSANDRO-SM	2014	SareWuro	2014	Gambia	SareWuro.2014	sw14	pop4b
SPT35450	sw14.7	1182-PF-GM-DALESSANDRO-SM	2014	SareWuro	2014	Gambia	SareWuro.2014	sw14	pop4b
SPT35453	sw14.8	1182-PF-GM-DALESSANDRO-SM	2014	SareWuro	2014	Gambia	SareWuro.2014	sw14	pop4b
SPT35458	sw14.9	1182-PF-GM-DALESSANDRO-SM	2014	SareWuro	2014	Gambia	SareWuro.2014	sw14	pop4b
SPT35459	sw14.10	1182-PF-GM-DALESSANDRO-SM	2014	SareWuro	2014	Gambia	SareWuro.2014	sw14	pop4b
SPT35461	sw14.11	1182-PF-GM-DALESSANDRO-SM	2014	SareWuro	2014	Gambia	SareWuro.2014	sw14	pop4b
SPT35462	sw14.12	1182-PF-GM-DALESSANDRO-SM	2014	SareWuro	2014	Gambia	SareWuro.2014	sw14	pop4b
SPT35463	sw14.13	1182-PF-GM-DALESSANDRO-SM	2014	SareWuro	2014	Gambia	SareWuro.2014	sw14	pop4b
SPT35467	sw14.14	1182-PF-GM-DALESSANDRO-SM	2014	SareWuro	2014	Gambia	SareWuro.2014	sw14	pop4b
SPT35468	sw14.15	1182-PF-GM-DALESSANDRO-SM	2014	SareWuro	2014	Gambia	SareWuro.2014	sw14	pop4b
SPT35469	sw14.16	1182-PF-GM-DALESSANDRO-SM	2014	SareWuro	2014	Gambia	SareWuro.2014	sw14	pop4b
SPT35470	sw14.17	1182-PF-GM-DALESSANDRO-SM	2014	SareWuro	2014	Gambia	SareWuro.2014	sw14	pop4b
SPT35471	sw14.18	1182-PF-GM-DALESSANDRO-SM	2014	SareWuro	2014	Gambia	SareWuro.2014	sw14	pop4b
SPT35472	sw14.19	1182-PF-GM-DALESSANDRO-SM	2014	SareWuro	2014	Gambia	SareWuro.2014	sw14	pop4b
SPT35474	sw14.20	1182-PF-GM-DALESSANDRO-SM	2014	SareWuro	2014	Gambia	SareWuro.2014	sw14	pop4b
SPT35475	sw14.21	1182-PF-GM-DALESSANDRO-SM	2014	SareWuro	2014	Gambia	SareWuro.2014	sw14	pop4b
SPT35476	sw14.22	1182-PF-GM-DALESSANDRO-SM	2014	SareWuro	2014	Gambia	SareWuro.2014	sw14	pop4b
SPT35485	sw14.23	1182-PF-GM-DALESSANDRO-SM	2014	SareWuro	2014	Gambia	SareWuro.2014	sw14	pop4b
SPT35487	sw14.24	1182-PF-GM-DALESSANDRO-SM	2014	SareWuro	2014	Gambia	SareWuro.2014	sw14	pop4b
SPT35499	sw14.25	1182-PF-GM-DALESSANDRO-SM	2014	SareWuro	2014	Gambia	SareWuro.2014	sw14	pop4b
SPT35500	sw14.26	1182-PF-GM-DALESSANDRO-SM	2014	SareWuro	2014	Gambia	SareWuro.2014	sw14	pop4b
SPT35501	sw14.27	1182-PF-GM-DALESSANDRO-SM	2014	SareWuro	2014	Gambia	SareWuro.2014	sw14	pop4b
SPT35502	sw14.28	1182-PF-GM-DALESSANDRO-SM	2014	SareWuro	2014	Gambia	SareWuro.2014	sw14	pop4b
SPT35503	sw14.29	1182-PF-GM-DALESSANDRO-SM	2014	SareWuro	2014	Gambia	SareWuro.2014	sw14	pop4b
SPT35508	sw14.30	1182-PF-GM-DALESSANDRO-SM	2014	SareWuro	2014	Gambia	SareWuro.2014	sw14	pop4b
SPT35509	sw14.31	1182-PF-GM-DALESSANDRO-SM	2014	SareWuro	2014	Gambia	SareWuro.2014	sw14	pop4b
SPT35510	sw14.32	1182-PF-GM-DALESSANDRO-SM	2014	SareWuro	2014	Gambia	SareWuro.2014	sw14	pop4b
SPT35511	sw14.33	1182-PF-GM-DALESSANDRO-SM	2014	SareWuro	2014	Gambia	SareWuro.2014	sw14	pop4b
SPT35514	sw14.34	1182-PF-GM-DALESSANDRO-SM	2014	SareWuro	2014	Gambia	SareWuro.2014	sw14	pop4b
SPT35515	sw14.35	1182-PF-GM-DALESSANDRO-SM	2014	SareWuro	2014	Gambia	SareWuro.2014	sw14	pop4b
SPT35516	sw14.36	1182-PF-GM-DALESSANDRO-SM	2014	SareWuro	2014	Gambia	SareWuro.2014	sw14	pop4b
SPT35517	sw14.37	1182-PF-GM-DALESSANDRO-SM	2014	SareWuro	2014	Gambia	SareWuro.2014	sw14	pop4b
SPT35518	sw14.38	1182-PF-GM-DALESSANDRO-SM	2014	SareWuro	2014	Gambia	SareWuro.2014	sw14	pop4b
SPT35519	sw14.39	1182-PF-GM-DALESSANDRO-SM	2014	SareWuro	2014	Gambia	SareWuro.2014	sw14	pop4b
SPT35520	sw14.40	1182-PF-GM-DALESSANDRO-SM	2014	SareWuro	2014	Gambia	SareWuro.2014	sw14	pop4b
SPT35521	sw14.41	1182-PF-GM-DALESSANDRO-SM	2014	SareWuro	2014	Gambia	SareWuro.2014	sw14	pop4b
SPT35522	sw14.42	1182-PF-GM-DALESSANDRO-SM	2014	SareWuro	2014	Gambia	SareWuro.2014	sw14	pop4b
SPT35523	sw14.43	1182-PF-GM-DALESSANDRO-SM	2014	SareWuro	2014	Gambia	SareWuro.2014	sw14	pop4b
SPT35524	sw14.44	1182-PF-GM-DALESSANDRO-SM	2014	SareWuro	2014	Gambia	SareWuro.2014	sw14	pop4b
SPT35525	sw14.45	1182-PF-GM-DALESSANDRO-SM	2014	SareWuro	2014	Gambia	SareWuro.2014	sw14	pop4b
SPT35526	sw14.46	1182-PF-GM-DALESSANDRO-SM	2014	SareWuro	2014	Gambia	SareWuro.2014	sw14	pop4b
SPT35529	sw14.47	1182-PF-GM-DALESSANDRO-SM	2014	SareWuro	2014	Gambia	SareWuro.2014	sw14	pop4b
SPT35532	sw14.48	1182-PF-GM-DALESSANDRO-SM	2014	SareWuro	2014	Gambia	SareWuro.2014	sw14	pop4b
SPT35537	sw14.49	1182-PF-GM-DALESSANDRO-SM	2014	SareWuro	2014	Gambia	SareWuro.2014	sw14	pop4b
SPT35538	sw14.50	1182-PF-GM-DALESSANDRO-SM	2014	SareWuro	2014	Gambia	SareWuro.2014	sw14	pop4b
SPT35541	sw14.51	1182-PF-GM-DALESSANDRO-SM	2014	SareWuro	2014	Gambia	SareWuro.2014	sw14	pop4b
SPT35543	sw14.52	1182-PF-GM-DALESSANDRO-SM	2014	SareWuro	2014	Gambia	SareWuro.2014	sw14	pop4b
SPT35544	sw14.53	1182-PF-GM-DALESSANDRO-SM	2014	SareWuro	2014	Gambia	SareWuro.2014	sw14	pop4b
SPT35546	sw14.54	1182-PF-GM-DALESSANDRO-SM	2014	SareWuro	2014	Gambia	SareWuro.2014	sw14	pop4b
SPT35547	sw14.55	1182-PF-GM-DALESSANDRO-SM	2014	SareWuro	2014	Gambia	SareWuro.2014	sw14	pop4b
SPT35551	sw14.56	1182-PF-GM-DALESSANDRO-SM	2014	SareWuro	2014	Gambia	SareWuro.2014	sw14	pop4b
SPT35552	sw14.57	1182-PF-GM-DALESSANDRO-SM	2014	SareWuro	2014	Gambia	SareWuro.2014	sw14	pop4b
SPT35553	sw14.58	1182-PF-GM-DALESSANDRO-SM	2014	SareWuro	2014	Gambia	SareWuro.2014	sw14	pop4b
SPT35556	nj14.52	1182-PF-GM-DALESSANDRO-SM	2014	Njayel	2014	Gambia	Njayel.2014	nj14	pop4b
SPT35557	nj14.53	1182-PF-GM-DALESSANDRO-SM	2014	Njayel	2014	Gambia	Njayel.2014	nj14	pop4b
SPT35561	nj14.54	1182-PF-GM-DALESSANDRO-SM	2014	Njayel	2014	Gambia	Njayel.2014	nj14	pop4b
SPT35563	nj14.55	1182-PF-GM-DALESSANDRO-SM	2014	Njayel	2014	Gambia	Njayel.2014	nj14	pop4b
SPT35564	nj14.56	1182-PF-GM-DALESSANDRO-SM	2014	Njayel	2014	Gambia	Njayel.2014	nj14	pop4b
SPT35566	nj14.57	1182-PF-GM-DALESSANDRO-SM	2014	Njayel	2014	Gambia	Njayel.2014	nj14	pop4b
SPT35567	nj14.58	1182-PF-GM-DALESSANDRO-SM	2014	Njayel	2014	Gambia	Njayel.2014	nj14	pop4b
SPT35571	nj14.59	1182-PF-GM-DALESSANDRO-SM	2014	Njayel	2014	Gambia	Njayel.2014	nj14	pop4b
SPT35575	nj14.60	1182-PF-GM-DALESSANDRO-SM	2014	Njayel	2014	Gambia	Njayel.2014	nj14	pop4b
SPT35576	nj14.61	1182-PF-GM-DALESSANDRO-SM	2014	Njayel	2014	Gambia	Njayel.2014	nj14	pop4b
SPT35577	nj14.62	1182-PF-GM-DALESSANDRO-SM	2014	Njayel	2014	Gambia	Njayel.2014	nj14	pop4b
SPT35580	nj14.63	1182-PF-GM-DALESSANDRO-SM	2014	Njayel	2014	Gambia	Njayel.2014	nj14	pop4b
SPT35581	nj14.64	1182-PF-GM-DALESSANDRO-SM	2014	Njayel	2014	Gambia	Njayel.2014	nj14	pop4b
SPT35583	nj14.65	1182-PF-GM-DALESSANDRO-SM	2014	Njayel	2014	Gambia	Njayel.2014	nj14	pop4b
SPT35584	nj14.66	1182-PF-GM-DALESSANDRO-SM	2014	Njayel	2014	Gambia	Njayel.2014	nj14	pop4b
SPT35585	nj14.67	1182-PF-GM-DALESSANDRO-SM	2014	Njayel	2014	Gambia	Njayel.2014	nj14	pop4b
SPT35587	nj14.68	1182-PF-GM-DALESSANDRO-SM	2014	Njayel	2014	Gambia	Njayel.2014	nj14	pop4b
SPT35588	nj14.69	1182-PF-GM-DALESSANDRO-SM	2014	Njayel	2014	Gambia	Njayel.2014	nj14	pop4b
SPT35589	nj14.70	1182-PF-GM-DALESSANDRO-SM	2014	Njayel	2014	Gambia	Njayel.2014	nj14	pop4b
SPT35590	nj14.71	1182-PF-GM-DALESSANDRO-SM	2014	Njayel	2014	Gambia	Njayel.2014	nj14	pop4b
SPT35592	nj14.72	1182-PF-GM-DALESSANDRO-SM	2014	Njayel	2014	Gambia	Njayel.2014	nj14	pop4b
SPT35673	be14.14	1182-PF-GM-DALESSANDRO-SM	2014	Besse	2014	Gambia	Besse.2014	be14	pop4a
SPT35681	be14.15	1182-PF-GM-DALESSANDRO-SM	2014	Besse	2014	Gambia	Besse.2014	be14	pop4a
SPT35752	nj14.73	1182-PF-GM-DALESSANDRO-SM	2014	Njayel	2014	Gambia	Njayel.2014	nj14	pop4b
SPT35766	nj14.74	1182-PF-GM-DALESSANDRO-SM	2014	Njayel	2014	Gambia	Njayel.2014	nj14	pop4b
SPT35780	db14.9	1182-PF-GM-DALESSANDRO-SM	2014	DongoroBa	2014	Gambia	DongoroBa.2014	db14	pop4b
SPT35835	nj15.1	1182-PF-GM-DALESSANDRO-SM	2015	Njayel	2015	Gambia	Njayel.2015	nj15	pop5b
SPT35850	nj15.2	1182-PF-GM-DALESSANDRO-SM	2015	Njayel	2015	Gambia	Njayel.2015	nj15	pop5b
SPT35876	be15.1	1182-PF-GM-DALESSANDRO-SM	2015	Besse	2015	Gambia	Besse.2015	be15	pop5
SPT35877	be15.2	1182-PF-GM-DALESSANDRO-SM	2015	Besse	2015	Gambia	Besse.2015	be15	pop5
SPT35879	ch15.1	1182-PF-GM-DALESSANDRO-SM	2015	Chogen	2015	Gambia	Chogen.2015	ch15	pop5b
SPT35880	db15.1	1182-PF-GM-DALESSANDRO-SM	2015	DongoroBa	2015	Gambia	DongoroBa.2015	db15	pop5b
SPT35883	db15.2	1182-PF-GM-DALESSANDRO-SM	2015	DongoroBa	2015	Gambia	DongoroBa.2015	db15	pop5b
SPT35888	nj15.3	1182-PF-GM-DALESSANDRO-SM	2015	Njayel	2015	Gambia	Njayel.2015	nj15	pop5b
SPT35896	nj15.4	1182-PF-GM-DALESSANDRO-SM	2015	Njayel	2015	Gambia	Njayel.2015	nj15	pop5b
SPT35902	nj15.5	1182-PF-GM-DALESSANDRO-SM	2015	Njayel	2015	Gambia	Njayel.2015	nj15	pop5b
SPT35904	nj15.6	1182-PF-GM-DALESSANDRO-SM	2015	Njayel	2015	Gambia	Njayel.2015	nj15	pop5b
SPT35922	sw15.1	1182-PF-GM-DALESSANDRO-SM	2015	SareWuro	2015	Gambia	SareWuro.2015	sw15	pop5b
SPT35923	sw15.2	1182-PF-GM-DALESSANDRO-SM	2015	SareWuro	2015	Gambia	SareWuro.2015	sw15	pop5b
SPT35924	sw15.3	1182-PF-GM-DALESSANDRO-SM	2015	SareWuro	2015	Gambia	SareWuro.2015	sw15	pop5b
SPT35933	sw15.4	1182-PF-GM-DALESSANDRO-SM	2015	SareWuro	2015	Gambia	SareWuro.2015	sw15	pop5b
PA0438-C	bk14.1	1136-PF-GM-NGWA		Brikama	2014	Gambia	Brikama.2014	bk14	pop4a
PA0442-C	bk14.2	1136-PF-GM-NGWA		Brikama	2014	Gambia	Brikama.2014	bk14	pop4a
PA0446-C	bk14.3	1136-PF-GM-NGWA		Brikama	2014	Gambia	Brikama.2014	bk14	pop4a
PA0448-C	bk14.4	1136-PF-GM-NGWA		Brikama	2014	Gambia	Brikama.2014	bk14	pop4a
PA0451-C	bk14.5	1136-PF-GM-NGWA		Brikama	2014	Gambia	Brikama.2014	bk14	pop4a
PA0463-C	bk14.6	1136-PF-GM-NGWA		Brikama	2014	Gambia	Brikama.2014	bk14	pop4a
PA0465-C	bk14.7	1136-PF-GM-NGWA		Brikama	2014	Gambia	Brikama.2014	bk14	pop4a
PA0475-C	bk14.8	1136-PF-GM-NGWA		Brikama	2014	Gambia	Brikama.2014	bk14	pop4a
PA0481-C	bk14.9	1136-PF-GM-NGWA		Brikama	2014	Gambia	Brikama.2014	bk14	pop4a
PA0483-C	bk14.10	1136-PF-GM-NGWA		Brikama	2014	Gambia	Brikama.2014	bk14	pop4a
PA0485-C	bk14.11	1136-PF-GM-NGWA		Brikama	2014	Gambia	Brikama.2014	bk14	pop4a
PA0487-C	bk14.12	1136-PF-GM-NGWA		Brikama	2014	Gambia	Brikama.2014	bk14	pop4a
PA0489-C	bk14.13	1136-PF-GM-NGWA		Brikama	2014	Gambia	Brikama.2014	bk14	pop4a
PA0492-C	bk14.14	1136-PF-GM-NGWA		Brikama	2014	Gambia	Brikama.2014	bk14	pop4a
PA0498-C	bk14.15	1136-PF-GM-NGWA		Brikama	2014	Gambia	Brikama.2014	bk14	pop4a
PA0501-C	bk14.16	1136-PF-GM-NGWA		Brikama	2014	Gambia	Brikama.2014	bk14	pop4a
PA0503-C	bk14.17	1136-PF-GM-NGWA		Brikama	2014	Gambia	Brikama.2014	bk14	pop4a
PA0504-C	bk14.18	1136-PF-GM-NGWA		Brikama	2014	Gambia	Brikama.2014	bk14	pop4a
PA0508-C	ba14.1	1136-PF-GM-NGWA		Basse	2014	Gambia	Basse.2014	ba14	pop4b
PA0514-C	ba14.2	1136-PF-GM-NGWA		Basse	2014	Gambia	Basse.2014	ba14	pop4b
PA0523-C	ba14.3	1136-PF-GM-NGWA		Basse	2014	Gambia	Basse.2014	ba14	pop4b
PA0525-C	ba14.4	1136-PF-GM-NGWA		Basse	2014	Gambia	Basse.2014	ba14	pop4b
PA0439-C	bk14.19	1136-PF-GM-NGWA		Brikama	2014	Gambia	Brikama.2014	bk14	pop4a
PA0440-C	bk14.20	1136-PF-GM-NGWA		Brikama	2014	Gambia	Brikama.2014	bk14	pop4a
PA0441-C	bk14.21	1136-PF-GM-NGWA		Brikama	2014	Gambia	Brikama.2014	bk14	pop4a
PA0443-C	bk14.22	1136-PF-GM-NGWA		Brikama	2014	Gambia	Brikama.2014	bk14	pop4a
PA0444-C	bk14.23	1136-PF-GM-NGWA		Brikama	2014	Gambia	Brikama.2014	bk14	pop4a
PA0445-C	bk14.24	1136-PF-GM-NGWA		Brikama	2014	Gambia	Brikama.2014	bk14	pop4a
PA0447-C	bk14.25	1136-PF-GM-NGWA		Brikama	2014	Gambia	Brikama.2014	bk14	pop4a
PA0449-C	bk14.26	1136-PF-GM-NGWA		Brikama	2014	Gambia	Brikama.2014	bk14	pop4a
PA0450-C	bk14.27	1136-PF-GM-NGWA		Brikama	2014	Gambia	Brikama.2014	bk14	pop4a
PA0453-C	bk14.28	1136-PF-GM-NGWA		Brikama	2014	Gambia	Brikama.2014	bk14	pop4a
PA0454-C	bk14.29	1136-PF-GM-NGWA		Brikama	2014	Gambia	Brikama.2014	bk14	pop4a
PA0455-C	bk14.30	1136-PF-GM-NGWA		Brikama	2014	Gambia	Brikama.2014	bk14	pop4a
PA0456-C	bk14.31	1136-PF-GM-NGWA		Brikama	2014	Gambia	Brikama.2014	bk14	pop4a
PA0457-C	bk14.32	1136-PF-GM-NGWA		Brikama	2014	Gambia	Brikama.2014	bk14	pop4a
PA0458-C	bk14.33	1136-PF-GM-NGWA		Brikama	2014	Gambia	Brikama.2014	bk14	pop4a
PA0459-C	bk14.34	1136-PF-GM-NGWA		Brikama	2014	Gambia	Brikama.2014	bk14	pop4a
PA0460-C	bk14.35	1136-PF-GM-NGWA		Brikama	2014	Gambia	Brikama.2014	bk14	pop4a
PA0461-C	bk14.36	1136-PF-GM-NGWA		Brikama	2014	Gambia	Brikama.2014	bk14	pop4a
PA0462-C	bk14.37	1136-PF-GM-NGWA		Brikama	2014	Gambia	Brikama.2014	bk14	pop4a
PA0464-C	bk14.38	1136-PF-GM-NGWA		Brikama	2014	Gambia	Brikama.2014	bk14	pop4a
PA0467-C	bk14.39	1136-PF-GM-NGWA		Brikama	2014	Gambia	Brikama.2014	bk14	pop4a
PA0468-C	bk14.40	1136-PF-GM-NGWA		Brikama	2014	Gambia	Brikama.2014	bk14	pop4a
PA0469-C	bk14.41	1136-PF-GM-NGWA		Brikama	2014	Gambia	Brikama.2014	bk14	pop4a
PA0470-C	bk14.42	1136-PF-GM-NGWA		Brikama	2014	Gambia	Brikama.2014	bk14	pop4a
PA0471-C	bk14.43	1136-PF-GM-NGWA		Brikama	2014	Gambia	Brikama.2014	bk14	pop4a
PA0472-C	bk14.44	1136-PF-GM-NGWA		Brikama	2014	Gambia	Brikama.2014	bk14	pop4a
PA0473-C	bk14.45	1136-PF-GM-NGWA		Brikama	2014	Gambia	Brikama.2014	bk14	pop4a
PA0474-C	bk14.46	1136-PF-GM-NGWA		Brikama	2014	Gambia	Brikama.2014	bk14	pop4a
PA0477-C	bk14.47	1136-PF-GM-NGWA		Brikama	2014	Gambia	Brikama.2014	bk14	pop4a
PA0478-C	bk14.48	1136-PF-GM-NGWA		Brikama	2014	Gambia	Brikama.2014	bk14	pop4a
PA0479-C	bk14.49	1136-PF-GM-NGWA		Brikama	2014	Gambia	Brikama.2014	bk14	pop4a
PA0480-C	bk14.50	1136-PF-GM-NGWA		Brikama	2014	Gambia	Brikama.2014	bk14	pop4a
PA0482-C	bk14.51	1136-PF-GM-NGWA		Brikama	2014	Gambia	Brikama.2014	bk14	pop4a
PA0484-C	bk14.52	1136-PF-GM-NGWA		Brikama	2014	Gambia	Brikama.2014	bk14	pop4a
PA0486-C	bk14.53	1136-PF-GM-NGWA		Brikama	2014	Gambia	Brikama.2014	bk14	pop4a
PA0488-C	bk14.54	1136-PF-GM-NGWA		Brikama	2014	Gambia	Brikama.2014	bk14	pop4a
PA0490-C	bk14.55	1136-PF-GM-NGWA		Brikama	2014	Gambia	Brikama.2014	bk14	pop4a
PA0491-C	bk14.56	1136-PF-GM-NGWA		Brikama	2014	Gambia	Brikama.2014	bk14	pop4a
PA0494-C	bk14.57	1136-PF-GM-NGWA		Brikama	2014	Gambia	Brikama.2014	bk14	pop4a
PA0496-C	bk14.58	1136-PF-GM-NGWA		Brikama	2014	Gambia	Brikama.2014	bk14	pop4a
PA0497-C	bk14.59	1136-PF-GM-NGWA		Brikama	2014	Gambia	Brikama.2014	bk14	pop4a
PA0500-C	bk14.60	1136-PF-GM-NGWA		Brikama	2014	Gambia	Brikama.2014	bk14	pop4a
PA0502-C	bk14.61	1136-PF-GM-NGWA		Brikama	2014	Gambia	Brikama.2014	bk14	pop4a
PA0505-C	bk14.62	1136-PF-GM-NGWA		Brikama	2014	Gambia	Brikama.2014	bk14	pop4a
PA0007-C	bk08.1	1006-PF-GM-CONWAY		Brikama	2008	Gambia	Brikama.2008	bk08	pop3
PA0008-C	bk08.2	1006-PF-GM-CONWAY		Brikama	2008	Gambia	Brikama.2008	bk08	pop3
PA0011-C	bk08.3	1006-PF-GM-CONWAY		Brikama	2008	Gambia	Brikama.2008	bk08	pop3
PA0012-C	bk08.4	1006-PF-GM-CONWAY		Brikama	2008	Gambia	Brikama.2008	bk08	pop3
PA0013-C	bk08.5	1006-PF-GM-CONWAY		Brikama	2008	Gambia	Brikama.2008	bk08	pop3
PA0014-C	bk08.6	1006-PF-GM-CONWAY		Brikama	2008	Gambia	Brikama.2008	bk08	pop3
PA0015-C	bk08.7	1006-PF-GM-CONWAY		Brikama	2008	Gambia	Brikama.2008	bk08	pop3
PA0016-C	bk08.8	1006-PF-GM-CONWAY		Brikama	2008	Gambia	Brikama.2008	bk08	pop3
PA0017-C	bk08.9	1006-PF-GM-CONWAY		Brikama	2008	Gambia	Brikama.2008	bk08	pop3
PA0018-C	bk08.10	1006-PF-GM-CONWAY		Brikama	2008	Gambia	Brikama.2008	bk08	pop3
PA0020-C	bk08.11	1006-PF-GM-CONWAY		Brikama	2008	Gambia	Brikama.2008	bk08	pop3
PA0021-C	bk08.12	1006-PF-GM-CONWAY		Brikama	2008	Gambia	Brikama.2008	bk08	pop3
PA0022-C	bk08.13	1006-PF-GM-CONWAY		Brikama	2008	Gambia	Brikama.2008	bk08	pop3
PA0026-C	bk08.14	1006-PF-GM-CONWAY		Brikama	2008	Gambia	Brikama.2008	bk08	pop3
PA0027-C	bk08.15	1006-PF-GM-CONWAY		Brikama	2008	Gambia	Brikama.2008	bk08	pop3
PA0028-C	bk08.16	1006-PF-GM-CONWAY		Brikama	2008	Gambia	Brikama.2008	bk08	pop3
PA0029-C	bk08.17	1006-PF-GM-CONWAY		Brikama	2008	Gambia	Brikama.2008	bk08	pop3
PA0030-C	bk08.18	1006-PF-GM-CONWAY		Brikama	2008	Gambia	Brikama.2008	bk08	pop3
PA0032-C	bk08.19	1006-PF-GM-CONWAY		Brikama	2008	Gambia	Brikama.2008	bk08	pop3
PA0034-C	bk08.20	1006-PF-GM-CONWAY		Brikama	2008	Gambia	Brikama.2008	bk08	pop3
PA0035-C	bk08.21	1006-PF-GM-CONWAY		Brikama	2008	Gambia	Brikama.2008	bk08	pop3
PA0036-C	bk08.22	1006-PF-GM-CONWAY		Brikama	2008	Gambia	Brikama.2008	bk08	pop3
PA0037-C	bk08.23	1006-PF-GM-CONWAY		Brikama	2008	Gambia	Brikama.2008	bk08	pop3
PA0038-C	bk08.24	1006-PF-GM-CONWAY		Brikama	2008	Gambia	Brikama.2008	bk08	pop3
PA0039-C	bk08.25	1006-PF-GM-CONWAY		Brikama	2008	Gambia	Brikama.2008	bk08	pop3
PA0040-C	bk08.26	1006-PF-GM-CONWAY		Brikama	2008	Gambia	Brikama.2008	bk08	pop3
PA0041-C	bk08.27	1006-PF-GM-CONWAY		Brikama	2008	Gambia	Brikama.2008	bk08	pop3
PA0042-C	bk08.28	1006-PF-GM-CONWAY		Brikama	2008	Gambia	Brikama.2008	bk08	pop3
PA0044-C	bk08.29	1006-PF-GM-CONWAY		Brikama	2008	Gambia	Brikama.2008	bk08	pop3
PA0045-C	bk08.30	1006-PF-GM-CONWAY		Brikama	2008	Gambia	Brikama.2008	bk08	pop3
PA0046-C	bk08.31	1006-PF-GM-CONWAY		Brikama	2008	Gambia	Brikama.2008	bk08	pop3
PA0047-C	bk08.32	1006-PF-GM-CONWAY		Brikama	2008	Gambia	Brikama.2008	bk08	pop3
PA0049-C	bk08.33	1006-PF-GM-CONWAY		Brikama	2008	Gambia	Brikama.2008	bk08	pop3
PA0050-C	bk08.34	1006-PF-GM-CONWAY		Brikama	2008	Gambia	Brikama.2008	bk08	pop3
PA0051-C	bk08.35	1006-PF-GM-CONWAY		Brikama	2008	Gambia	Brikama.2008	bk08	pop3
PA0052-C	bk08.36	1006-PF-GM-CONWAY		Brikama	2008	Gambia	Brikama.2008	bk08	pop3
PA0053-C	bk08.37	1006-PF-GM-CONWAY		Brikama	2008	Gambia	Brikama.2008	bk08	pop3
PA0054-C	bk08.38	1006-PF-GM-CONWAY		Brikama	2008	Gambia	Brikama.2008	bk08	pop3
PA0056-C	bk08.39	1006-PF-GM-CONWAY		Brikama	2008	Gambia	Brikama.2008	bk08	pop3
PA0057-C	bk08.40	1006-PF-GM-CONWAY		Brikama	2008	Gambia	Brikama.2008	bk08	pop3
PA0059-C	bk08.41	1006-PF-GM-CONWAY		Brikama	2008	Gambia	Brikama.2008	bk08	pop3
PA0060-C	bk08.42	1006-PF-GM-CONWAY		Brikama	2008	Gambia	Brikama.2008	bk08	pop3
PA0061-C	bk08.43	1006-PF-GM-CONWAY		Brikama	2008	Gambia	Brikama.2008	bk08	pop3
PA0063-C	bk08.44	1006-PF-GM-CONWAY		Brikama	2008	Gambia	Brikama.2008	bk08	pop3
PA0064-C	bk08.45	1006-PF-GM-CONWAY		Brikama	2008	Gambia	Brikama.2008	bk08	pop3
PA0065-C	bk08.46	1006-PF-GM-CONWAY		Brikama	2008	Gambia	Brikama.2008	bk08	pop3
PA0066-C	bk08.47	1006-PF-GM-CONWAY		Brikama	2008	Gambia	Brikama.2008	bk08	pop3
PA0067-C	bk08.48	1006-PF-GM-CONWAY		Brikama	2008	Gambia	Brikama.2008	bk08	pop3
PA0068-C	bk08.49	1006-PF-GM-CONWAY		Brikama	2008	Gambia	Brikama.2008	bk08	pop3
PA0069-C	bk08.50	1006-PF-GM-CONWAY		Brikama	2008	Gambia	Brikama.2008	bk08	pop3
PA0071-C	bk08.51	1006-PF-GM-CONWAY		Brikama	2008	Gambia	Brikama.2008	bk08	pop3
PA0072-C	bk08.52	1006-PF-GM-CONWAY		Brikama	2008	Gambia	Brikama.2008	bk08	pop3
PA0073-C	bk08.53	1006-PF-GM-CONWAY		Brikama	2008	Gambia	Brikama.2008	bk08	pop3
PA0074-C	bk08.54	1006-PF-GM-CONWAY		Brikama	2008	Gambia	Brikama.2008	bk08	pop3
PA0075-C	bk08.55	1006-PF-GM-CONWAY		Brikama	2008	Gambia	Brikama.2008	bk08	pop3
PA0078-C	bk08.56	1006-PF-GM-CONWAY		Brikama	2008	Gambia	Brikama.2008	bk08	pop3
PA0079-C	bk08.57	1006-PF-GM-CONWAY		Brikama	2008	Gambia	Brikama.2008	bk08	pop3
PA0080-C	bk08.58	1006-PF-GM-CONWAY		Brikama	2008	Gambia	Brikama.2008	bk08	pop3
PA0081-C	bk08.59	1006-PF-GM-CONWAY		Brikama	2008	Gambia	Brikama.2008	bk08	pop3
PA0084-C	bk08.60	1006-PF-GM-CONWAY		Brikama	2008	Gambia	Brikama.2008	bk08	pop3
PA0085-C	bk08.61	1006-PF-GM-CONWAY		Brikama	2008	Gambia	Brikama.2008	bk08	pop3
PA0087-C	bk08.62	1006-PF-GM-CONWAY		Brikama	2008	Gambia	Brikama.2008	bk08	pop3
PA0089-C	bk08.63	1006-PF-GM-CONWAY		Brikama	2008	Gambia	Brikama.2008	bk08	pop3
PA0090-C	bk08.64	1006-PF-GM-CONWAY		Brikama	2008	Gambia	Brikama.2008	bk08	pop3
PA0091-C	bk08.65	1006-PF-GM-CONWAY		Brikama	2008	Gambia	Brikama.2008	bk08	pop3
PA0092-C	bk08.66	1006-PF-GM-CONWAY		Brikama	2008	Gambia	Brikama.2008	bk08	pop3
PA0093-C	bk08.67	1006-PF-GM-CONWAY		Brikama	2008	Gambia	Brikama.2008	bk08	pop3
PA0094-C	bk08.68	1006-PF-GM-CONWAY		Brikama	2008	Gambia	Brikama.2008	bk08	pop3
PA0095-C	bk08.69	1006-PF-GM-CONWAY		Brikama	2008	Gambia	Brikama.2008	bk08	pop3
PA0097-C	bk08.70	1006-PF-GM-CONWAY		Brikama	2008	Gambia	Brikama.2008	bk08	pop3
PA0098-C	bk08.71	1006-PF-GM-CONWAY		Brikama	2008	Gambia	Brikama.2008	bk08	pop3
PA0099-C	bk08.72	1006-PF-GM-CONWAY		Brikama	2008	Gambia	Brikama.2008	bk08	pop3
PA0100-C	bk08.73	1006-PF-GM-CONWAY		Brikama	2008	Gambia	Brikama.2008	bk08	pop3
PA0101-C	bk08.74	1006-PF-GM-CONWAY		Brikama	2008	Gambia	Brikama.2008	bk08	pop3
PA0102-C	bk08.75	1006-PF-GM-CONWAY		Brikama	2008	Gambia	Brikama.2008	bk08	pop3
PA0103-C	bk08.76	1006-PF-GM-CONWAY		Brikama	2008	Gambia	Brikama.2008	bk08	pop3
PA0104-C	bk08.77	1006-PF-GM-CONWAY		Brikama	2008	Gambia	Brikama.2008	bk08	pop3
PA0105-C	bk08.78	1006-PF-GM-CONWAY		Brikama	2008	Gambia	Brikama.2008	bk08	pop3
PA0370-C	ba14.5	1136-PF-GM-NGWA		Basse	2014	Gambia	Basse.2014	ba14	pop4b
PA0371-C	ba14.6	1136-PF-GM-NGWA		Basse	2014	Gambia	Basse.2014	ba14	pop4b
PA0372-C	ba14.7	1136-PF-GM-NGWA		Basse	2014	Gambia	Basse.2014	ba14	pop4b
PA0373-C	ba14.8	1136-PF-GM-NGWA		Basse	2014	Gambia	Basse.2014	ba14	pop4b
PA0374-C	ba14.9	1136-PF-GM-NGWA		Basse	2014	Gambia	Basse.2014	ba14	pop4b
PA0375-C	ba14.10	1136-PF-GM-NGWA		Basse	2014	Gambia	Basse.2014	ba14	pop4b
PA0376-C	ba14.11	1136-PF-GM-NGWA		Basse	2014	Gambia	Basse.2014	ba14	pop4b
PA0377-C	ba14.12	1136-PF-GM-NGWA		Basse	2014	Gambia	Basse.2014	ba14	pop4b
PA0378-C	ba14.13	1136-PF-GM-NGWA		Basse	2014	Gambia	Basse.2014	ba14	pop4b
PA0379-C	ba14.14	1136-PF-GM-NGWA		Basse	2014	Gambia	Basse.2014	ba14	pop4b
PA0382-C	ba14.15	1136-PF-GM-NGWA		Basse	2014	Gambia	Basse.2014	ba14	pop4b
PA0383-C	ba14.16	1136-PF-GM-NGWA		Basse	2014	Gambia	Basse.2014	ba14	pop4b
PA0384-C	ba14.17	1136-PF-GM-NGWA		Basse	2014	Gambia	Basse.2014	ba14	pop4b
PA0387-C	ba14.18	1136-PF-GM-NGWA		Basse	2014	Gambia	Basse.2014	ba14	pop4b
PA0388-C	ba14.19	1136-PF-GM-NGWA		Basse	2014	Gambia	Basse.2014	ba14	pop4b
PA0389-C	ba14.20	1136-PF-GM-NGWA		Basse	2014	Gambia	Basse.2014	ba14	pop4b
PA0391-C	ba14.21	1136-PF-GM-NGWA		Basse	2014	Gambia	Basse.2014	ba14	pop4b
PA0392-C	ba14.22	1136-PF-GM-NGWA		Basse	2014	Gambia	Basse.2014	ba14	pop4b
PA0393-C	ba14.23	1136-PF-GM-NGWA		Basse	2014	Gambia	Basse.2014	ba14	pop4b
PA0394-C	ba14.24	1136-PF-GM-NGWA		Basse	2014	Gambia	Basse.2014	ba14	pop4b
PA0395-C	ba14.25	1136-PF-GM-NGWA		Basse	2014	Gambia	Basse.2014	ba14	pop4b
PA0396-C	ba14.26	1136-PF-GM-NGWA		Basse	2014	Gambia	Basse.2014	ba14	pop4b
PA0397-C	ba14.27	1136-PF-GM-NGWA		Basse	2014	Gambia	Basse.2014	ba14	pop4b
PA0398-C	ba14.28	1136-PF-GM-NGWA		Basse	2014	Gambia	Basse.2014	ba14	pop4b
PA0399-C	ba14.29	1136-PF-GM-NGWA		Basse	2014	Gambia	Basse.2014	ba14	pop4b
PA0400-C	ba14.30	1136-PF-GM-NGWA		Basse	2014	Gambia	Basse.2014	ba14	pop4b
PA0401-C	ba14.31	1136-PF-GM-NGWA		Basse	2014	Gambia	Basse.2014	ba14	pop4b
PA0402-C	ba14.32	1136-PF-GM-NGWA		Basse	2014	Gambia	Basse.2014	ba14	pop4b
PA0403-C	ba14.33	1136-PF-GM-NGWA		Basse	2014	Gambia	Basse.2014	ba14	pop4b
PA0404-C	ba14.34	1136-PF-GM-NGWA		Basse	2014	Gambia	Basse.2014	ba14	pop4b
PA0405-C	ba14.35	1136-PF-GM-NGWA		Basse	2014	Gambia	Basse.2014	ba14	pop4b
PA0406-C	ba14.36	1136-PF-GM-NGWA		Basse	2014	Gambia	Basse.2014	ba14	pop4b
PA0407-C	ba14.37	1136-PF-GM-NGWA		Basse	2014	Gambia	Basse.2014	ba14	pop4b
PA0409-C	ba14.38	1136-PF-GM-NGWA		Basse	2014	Gambia	Basse.2014	ba14	pop4b
PA0410-C	ba14.39	1136-PF-GM-NGWA		Basse	2014	Gambia	Basse.2014	ba14	pop4b
PA0411-C	ba14.40	1136-PF-GM-NGWA		Basse	2014	Gambia	Basse.2014	ba14	pop4b
PA0413-C	ba14.41	1136-PF-GM-NGWA		Basse	2014	Gambia	Basse.2014	ba14	pop4b
PA0414-C	ba14.42	1136-PF-GM-NGWA		Basse	2014	Gambia	Basse.2014	ba14	pop4b
PA0417-C	ba14.43	1136-PF-GM-NGWA		Basse	2014	Gambia	Basse.2014	ba14	pop4b
PA0419-C	ba14.44	1136-PF-GM-NGWA		Basse	2014	Gambia	Basse.2014	ba14	pop4b
PA0423-C	ba14.45	1136-PF-GM-NGWA		Basse	2014	Gambia	Basse.2014	ba14	pop4b
PA0424-C	ba14.46	1136-PF-GM-NGWA		Basse	2014	Gambia	Basse.2014	ba14	pop4b
PA0425-C	ba14.47	1136-PF-GM-NGWA		Basse	2014	Gambia	Basse.2014	ba14	pop4b
PA0431-C	ba14.48	1136-PF-GM-NGWA		Basse	2014	Gambia	Basse.2014	ba14	pop4b
PA0506-C	ba14.49	1136-PF-GM-NGWA		Basse	2014	Gambia	Basse.2014	ba14	pop4b
PA0507-C	ba14.50	1136-PF-GM-NGWA		Basse	2014	Gambia	Basse.2014	ba14	pop4b
PA0512-C	ba14.51	1136-PF-GM-NGWA		Basse	2014	Gambia	Basse.2014	ba14	pop4b
PA0513-C	ba14.52	1136-PF-GM-NGWA		Basse	2014	Gambia	Basse.2014	ba14	pop4b
PA0516-C	ba14.53	1136-PF-GM-NGWA		Basse	2014	Gambia	Basse.2014	ba14	pop4b
PA0519-C	ba14.54	1136-PF-GM-NGWA		Basse	2014	Gambia	Basse.2014	ba14	pop4b
PA0520-C	ba14.55	1136-PF-GM-NGWA		Basse	2014	Gambia	Basse.2014	ba14	pop4b
PA0521-C	ba14.56	1136-PF-GM-NGWA		Basse	2014	Gambia	Basse.2014	ba14	pop4b
PA0522-C	ba14.57	1136-PF-GM-NGWA		Basse	2014	Gambia	Basse.2014	ba14	pop4b
PA0524-C	ba14.58	1136-PF-GM-NGWA		Basse	2014	Gambia	Basse.2014	ba14	pop4b
PA0532-C	ba14.59	1136-PF-GM-NGWA		Basse	2014	Gambia	Basse.2014	ba14	pop4b
PA0534-C	ba14.60	1137-PF-GM-DALESSANDRO		Basse	2014	Gambia	Basse.2014	ba14	pop4b
PA0537-C	ba14.61	1137-PF-GM-DALESSANDRO		Basse	2014	Gambia	Basse.2014	ba14	pop4b
PA0540-C	ba14.62	1137-PF-GM-DALESSANDRO		Basse	2014	Gambia	Basse.2014	ba14	pop4b
PA0541-C	ba14.63	1137-PF-GM-DALESSANDRO		Basse	2014	Gambia	Basse.2014	ba14	pop4b
PA0542-C	ba14.64	1137-PF-GM-DALESSANDRO		Basse	2014	Gambia	Basse.2014	ba14	pop4b
PA0544-C	ba14.65	1137-PF-GM-DALESSANDRO		Basse	2014	Gambia	Basse.2014	ba14	pop4b
PA0550-C	ba14.66	1137-PF-GM-DALESSANDRO		Basse	2014	Gambia	Basse.2014	ba14	pop4b
PA0551-C	ba14.67	1137-PF-GM-DALESSANDRO		Basse	2014	Gambia	Basse.2014	ba14	pop4b
PA0554-C	ba14.68	1137-PF-GM-DALESSANDRO		Basse	2014	Gambia	Basse.2014	ba14	pop4b
PA0558-C	ba14.69	1137-PF-GM-DALESSANDRO		Basse	2014	Gambia	Basse.2014	ba14	pop4b
PA0561-C	ba14.70	1137-PF-GM-DALESSANDRO		Basse	2014	Gambia	Basse.2014	ba14	pop4b
PA0562-C	ba14.71	1137-PF-GM-DALESSANDRO		Basse	2014	Gambia	Basse.2014	ba14	pop4b
PA0563-C	ba14.72	1137-PF-GM-DALESSANDRO		Basse	2014	Gambia	Basse.2014	ba14	pop4b
PA0564-C	ba14.73	1137-PF-GM-DALESSANDRO		Basse	2014	Gambia	Basse.2014	ba14	pop4b
PA0572-C	ba14.74	1137-PF-GM-DALESSANDRO		Basse	2014	Gambia	Basse.2014	ba14	pop4b
PA0575-C	ba14.75	1137-PF-GM-DALESSANDRO		Basse	2014	Gambia	Basse.2014	ba14	pop4b
PA0576-C	ba14.76	1137-PF-GM-DALESSANDRO		Basse	2014	Gambia	Basse.2014	ba14	pop4b
PA0577-C	ba14.77	1137-PF-GM-DALESSANDRO		Basse	2014	Gambia	Basse.2014	ba14	pop4b
PA0585-C	ba14.78	1137-PF-GM-DALESSANDRO		Basse	2014	Gambia	Basse.2014	ba14	pop4b
PA0586-C	ba14.79	1137-PF-GM-DALESSANDRO		Basse	2014	Gambia	Basse.2014	ba14	pop4b
PA0597-C	ba14.80	1137-PF-GM-DALESSANDRO		Basse	2014	Gambia	Basse.2014	ba14	pop4b
PA0599-C	ba14.81	1137-PF-GM-DALESSANDRO		Basse	2014	Gambia	Basse.2014	ba14	pop4b
PA0603-C	ba14.82	1137-PF-GM-DALESSANDRO		Basse	2014	Gambia	Basse.2014	ba14	pop4b
PA0604-C	ba14.83	1137-PF-GM-DALESSANDRO		Basse	2014	Gambia	Basse.2014	ba14	pop4b
PA0605-C	ba14.84	1137-PF-GM-DALESSANDRO		Basse	2014	Gambia	Basse.2014	ba14	pop4b
PA0606-C	ba14.85	1137-PF-GM-DALESSANDRO		Basse	2014	Gambia	Basse.2014	ba14	pop4b
PA0611-C	ba14.86	1137-PF-GM-DALESSANDRO		Basse	2014	Gambia	Basse.2014	ba14	pop4b
PA0612-C	ba14.87	1137-PF-GM-DALESSANDRO		Basse	2014	Gambia	Basse.2014	ba14	pop4b
PA0617-C	ba14.88	1137-PF-GM-DALESSANDRO		Basse	2014	Gambia	Basse.2014	ba14	pop4b
PA0618-C	ba14.89	1137-PF-GM-DALESSANDRO		Basse	2014	Gambia	Basse.2014	ba14	pop4b
PA0619-C	ba14.90	1137-PF-GM-DALESSANDRO		Basse	2014	Gambia	Basse.2014	ba14	pop4b
PA0620-C	ba14.91	1137-PF-GM-DALESSANDRO		Basse	2014	Gambia	Basse.2014	ba14	pop4b
PA0621-C	ba14.92	1137-PF-GM-DALESSANDRO		Basse	2014	Gambia	Basse.2014	ba14	pop4b
PA0622-C	ba14.93	1137-PF-GM-DALESSANDRO		Basse	2014	Gambia	Basse.2014	ba14	pop4b
PA0623-C	ba14.94	1137-PF-GM-DALESSANDRO		Basse	2014	Gambia	Basse.2014	ba14	pop4b
PA0625-C	ba14.95	1137-PF-GM-DALESSANDRO		Basse	2014	Gambia	Basse.2014	ba14	pop4b
PA0626-C	ba14.96	1137-PF-GM-DALESSANDRO		Basse	2014	Gambia	Basse.2014	ba14	pop4b
PA0627-C	ba14.97	1137-PF-GM-DALESSANDRO		Basse	2014	Gambia	Basse.2014	ba14	pop4b
PA0628-C	ba14.98	1137-PF-GM-DALESSANDRO		Basse	2014	Gambia	Basse.2014	ba14	pop4b
PA0629-C	ba14.99	1137-PF-GM-DALESSANDRO		Basse	2014	Gambia	Basse.2014	ba14	pop4b
PA0630-C	ba14.100	1137-PF-GM-DALESSANDRO		Basse	2014	Gambia	Basse.2014	ba14	pop4b
PA0631-C	ba14.101	1137-PF-GM-DALESSANDRO		Basse	2014	Gambia	Basse.2014	ba14	pop4b
PA0633-C	ba14.102	1137-PF-GM-DALESSANDRO		Basse	2014	Gambia	Basse.2014	ba14	pop4b
PA0634-C	ba14.103	1137-PF-GM-DALESSANDRO		Basse	2014	Gambia	Basse.2014	ba14	pop4b
PA0636-C	ba14.104	1137-PF-GM-DALESSANDRO		Basse	2014	Gambia	Basse.2014	ba14	pop4b
PA0637-C	ba14.105	1137-PF-GM-DALESSANDRO		Basse	2014	Gambia	Basse.2014	ba14	pop4b
PA0638-C	ba14.106	1137-PF-GM-DALESSANDRO		Basse	2014	Gambia	Basse.2014	ba14	pop4b
PA0639-C	ba14.107	1137-PF-GM-DALESSANDRO		Basse	2014	Gambia	Basse.2014	ba14	pop4b
PA0641-C	ba14.108	1137-PF-GM-DALESSANDRO		Basse	2014	Gambia	Basse.2014	ba14	pop4b
PA0642-C	ba14.109	1137-PF-GM-DALESSANDRO		Basse	2014	Gambia	Basse.2014	ba14	pop4b
PA0643-C	ba14.110	1137-PF-GM-DALESSANDRO		Basse	2014	Gambia	Basse.2014	ba14	pop4b
PA0644-C	ba14.111	1137-PF-GM-DALESSANDRO		Basse	2014	Gambia	Basse.2014	ba14	pop4b
PA0645-C	ba14.112	1137-PF-GM-DALESSANDRO		Basse	2014	Gambia	Basse.2014	ba14	pop4b
PA0649-C	ba14.113	1137-PF-GM-DALESSANDRO		Basse	2014	Gambia	Basse.2014	ba14	pop4b
PA0651-C	ba14.114	1137-PF-GM-DALESSANDRO		Basse	2014	Gambia	Basse.2014	ba14	pop4b
PA0653-C	ba14.115	1137-PF-GM-DALESSANDRO		Basse	2014	Gambia	Basse.2014	ba14	pop4b
PA0654-C	ba14.116	1137-PF-GM-DALESSANDRO		Basse	2014	Gambia	Basse.2014	ba14	pop4b
PA0655-C	ba14.117	1137-PF-GM-DALESSANDRO		Basse	2014	Gambia	Basse.2014	ba14	pop4b
